,Date,CHF/EUR,tavg_minusio,tmin_minusio,tmax_minusio,wdir_minusio,wspd_minusio,pres_minusio,prcp_minusio,tavg_robiei,wspd_robiei,tavg_piotta,wspd_piotta,tavg_comporvasco,wspd_comprovasco,ImportData,ExportData,ProductionTessin
0,2000-01-03,1.6043,-1.3800000000000001,-5.34,4.119999999999999,95.0,3.6399999999999997,1027.42,0.0,-2.0875669824700824,9.630564590725367,12.57229462535502,1.5786270314267146,6.313790663304964,1.5786270314267146,680313220.8436552,507237804.1096072,52545540.909192406
1,2000-01-10,1.60698,0.6,-2.683333333333333,4.500000000000001,128.0,3.1999999999999997,1029.1000000000001,1.5798495545627795,-0.33514501074094505,9.634923701860833,0.39938740993524524,9.927867126338262,3.2690658901879712,9.927867126338262,680313220.8436552,507237804.1096072,52545540.909192406
2,2000-01-17,1.61136,2.9,-1.6749999999999998,7.9,118.66666666666667,6.7,1023.775,0.0,-2.90629625698578,11.219658363476025,5.298473611253179,6.615072984267702,4.1961292189529775,6.615072984267702,680313220.8436552,507237804.1096072,52545540.909192406
3,2000-01-24,1.6127200000000002,2.233333333333333,-3.6166666666666667,8.266666666666667,96.2,8.716666666666667,1017.9,20.17308868545021,-3.747336216313231,9.948492453099597,-0.9191470744668016,4.77338434084351,1.7423782913328851,4.77338434084351,680313220.8436552,507237804.1096072,52545540.909192406
4,2000-01-31,1.61124,2.6833333333333336,-2.6499999999999995,9.05,102.5,5.433333333333334,1023.4666666666667,2.396055333634985,1.577487906012772,10.606395406288726,0.7990141212936224,5.312293305065671,-0.07993829297225741,5.312293305065671,680313220.8436552,507237804.1096072,52545540.909192406
5,2000-02-07,1.60808,4.685714285714285,-0.5,11.114285714285714,158.75,5.5,1027.3428571428572,7.5942748401789775,-3.5145810582243038,9.618411992055204,5.243213826816688,8.230587426946398,1.5060280177425538,8.230587426946398,680313220.8436552,507237804.1096072,52545540.909192406
6,2000-02-14,1.6069600000000002,4.342857142857143,-0.6571428571428571,10.12857142857143,152.33333333333334,4.7,1018.3571428571429,3.3394893829236687,-3.5627797881760657,8.344045174866531,3.23573174227132,4.694878241373702,3.869217875785818,4.694878241373702,680313220.8436552,507237804.1096072,52545540.909192406
7,2000-02-21,1.60404,3.714285714285714,-1.6857142857142857,10.157142857142857,99.25,7.557142857142858,1020.8285714285714,1.559757066006894,-0.6214584432672007,8.556237117842947,7.832832746837151,9.257737795109293,9.349662115057358,9.257737795109293,680313220.8436552,507237804.1096072,52545540.909192406
8,2000-02-28,1.6085,5.371428571428572,1.0142857142857142,9.857142857142858,148.33333333333334,5.471428571428571,1024.2,4.605711931400973,0.5631720440637791,8.151841099213327,6.969216579464316,7.506195806070609,4.231467083779103,7.506195806070609,680313220.8436552,507237804.1096072,52545540.909192406
9,2000-03-06,1.60686,6.571428571428571,-0.942857142857143,15.242857142857146,140.0,6.0857142857142845,1024.8142857142857,7.956967578837459,2.8114761111539073,8.788348020769808,5.447964857716439,7.959686158643602,4.8435601680784135,7.959686158643602,680313220.8436552,507237804.1096072,52545540.909192406
10,2000-03-13,1.6078199999999998,9.625,3.0749999999999997,16.325000000000003,190.0,5.35,1020.7,1.3808992392234005,-0.06871899585047236,6.431145249565715,8.260752247022301,4.567101626724196,8.794961164148404,4.567101626724196,680313220.8436552,507237804.1096072,52545540.909192406
11,2000-03-20,1.61186,10.257142857142856,3.9999999999999996,16.4,196.6,7.314285714285715,1019.5500000000001,0.0,-1.3944154264637083,6.296345472346338,9.54751174938772,7.930501225911623,9.141843066836488,7.930501225911623,680313220.8436552,507237804.1096072,52545540.909192406
12,2000-03-27,1.6019999999999999,8.128571428571428,4.671428571428571,12.185714285714285,220.0,5.742857142857142,1010.6857142857144,0.20590585252681937,2.706036825684831,7.046123549526337,13.275302534446555,9.429218584559093,8.140386334635682,9.429218584559093,680313220.8436552,507237804.1096072,52545540.909192406
13,2000-04-03,1.59004,9.299999999999999,4.416666666666667,14.450000000000001,145.2,7.0,1006.4499999999999,6.926294232527984,-4.012072281613401,8.717757814456762,7.316936564706571,7.639230454386071,7.085465898076982,7.639230454386071,680313220.8436552,507237804.1096072,52545540.909192406
14,2000-04-10,1.57464,9.457142857142857,5.971428571428572,13.22857142857143,252.2,6.271428571428571,1010.4857142857143,0.0,-2.087296876742591,5.836524487745683,8.65688411133329,7.903576205049654,12.053301625180415,7.903576205049654,680313220.8436552,507237804.1096072,52545540.909192406
15,2000-04-17,1.57248,10.185714285714287,7.1000000000000005,13.414285714285715,115.2,7.171428571428572,1008.5285714285714,2.687623282725894,2.648335192129269,11.381869556279748,9.43154528271415,8.582152255810337,15.085713076537187,8.582152255810337,680313220.8436552,507237804.1096072,52545540.909192406
16,2000-04-24,1.5728333333333333,15.180000000000001,8.459999999999999,21.339999999999996,298.5,4.92,1014.0600000000001,7.3659237604765355,0.6401606128368769,4.940016887591909,11.38951701531644,7.887246295933395,11.90900778036969,7.887246295933395,680313220.8436552,507237804.1096072,52545540.909192406
17,2000-05-01,1.572125,15.5,11.485714285714284,19.885714285714283,211.0,4.985714285714286,1016.0142857142857,27.885454799921362,-0.41695096188850034,6.284346440253734,11.909304645106653,9.803339169040111,12.491749453369144,9.803339169040111,680313220.8436552,507237804.1096072,52545540.909192406
18,2000-05-08,1.54886,16.450000000000003,13.65,20.05,212.0,5.300000000000001,1018.6833333333334,22.68722329359128,2.120324116422029,8.111563856155499,12.21218996506277,10.46546382650524,9.642879672933422,10.46546382650524,680313220.8436552,507237804.1096072,52545540.909192406
19,2000-05-15,1.55452,18.74285714285714,14.828571428571427,23.342857142857138,280.0,5.985714285714286,1017.2571428571429,11.327410514292298,6.107664133438245,7.044104832146908,14.014017133362113,13.859951317900293,10.646329504563784,13.859951317900293,680313220.8436552,507237804.1096072,52545540.909192406
20,2000-05-22,1.55172,17.400000000000002,12.914285714285713,21.928571428571427,179.71428571428572,7.542857142857143,1012.4285714285713,10.417094221066437,7.3749419314893565,7.425101535827549,12.30579606025373,7.445140019687972,16.721137717888027,7.445140019687972,680313220.8436552,507237804.1096072,52545540.909192406
21,2000-05-29,1.56334,17.585714285714285,14.114285714285712,21.628571428571433,173.0,6.357142857142857,1015.2714285714285,4.546485166309167,8.961932963245166,8.426871630822564,16.281152206541787,8.643783997644658,17.13610978075004,8.643783997644658,680313220.8436552,507237804.1096072,52545540.909192406
22,2000-06-05,1.57274,20.842857142857145,16.95714285714286,25.499999999999996,173.6,6.385714285714286,1017.9714285714288,10.074233076650522,7.488683193810411,8.462240974310335,17.078178996308495,8.158232370456606,15.748572819001065,8.158232370456606,680313220.8436552,507237804.1096072,52545540.909192406
23,2000-06-12,1.5673,20.62857142857143,16.642857142857142,25.942857142857143,152.66666666666666,6.785714285714286,1019.1,2.980571755973688,10.133011204634071,7.296060994659141,15.927261906303835,7.150537572251255,19.380965228377196,7.150537572251255,680313220.8436552,507237804.1096072,52545540.909192406
24,2000-06-19,1.56312,22.257142857142856,15.514285714285714,28.01428571428571,229.0,6.757142857142857,1020.4285714285714,7.36348096463791,14.479444334307209,5.053099971638314,22.30204250987096,7.2455199036492655,18.65810808286064,7.2455199036492655,680313220.8436552,507237804.1096072,52545540.909192406
25,2000-06-26,1.55098,20.057142857142857,14.842857142857142,25.642857142857142,163.8,8.028571428571428,1013.7571428571429,0.0,9.507982638325808,5.823686810757091,19.75736490016559,7.116176348145024,19.17978683112337,7.116176348145024,680313220.8436552,507237804.1096072,52545540.909192406
26,2000-07-03,1.5530000000000002,22.199999999999996,17.985714285714288,26.87142857142857,208.83333333333334,6.157142857142857,1012.6428571428571,9.919187328988784,14.532293287500806,8.61912190076388,20.74746864844164,5.782650430526684,17.89377856681399,5.782650430526684,680313220.8436552,507237804.1096072,52545540.909192406
27,2000-07-10,1.5492599999999999,19.142857142857142,13.985714285714284,24.228571428571428,136.71428571428572,9.842857142857143,1007.1285714285714,4.960098837152079,11.734828167184054,6.8642647894671605,20.177752648230516,6.715925387633825,19.715763629265904,6.715925387633825,680313220.8436552,507237804.1096072,52545540.909192406
28,2000-07-17,1.55024,18.72857142857143,12.528571428571427,24.814285714285713,149.25,6.785714285714286,1011.4571428571429,2.110697164849674,12.18425632045739,9.392785513008134,19.539949009860987,7.6063222615707105,22.84311413694478,7.6063222615707105,680313220.8436552,507237804.1096072,52545540.909192406
29,2000-07-24,1.55058,20.642857142857142,16.514285714285712,24.97142857142857,225.8,5.314285714285715,1013.2571428571429,0.1922107480103783,11.157005288100002,3.5481815343514906,20.248874338957254,5.589574334628772,24.01984550733624,5.589574334628772,680313220.8436552,507237804.1096072,52545540.909192406
30,2000-07-31,1.55102,20.61666666666667,15.583333333333336,26.150000000000002,133.75,7.616666666666666,1016.9166666666665,6.542398127010488,11.307744060668771,6.418748680807632,17.59235672228979,7.777594242956193,20.426748061825393,7.777594242956193,680313220.8436552,507237804.1096072,52545540.909192406
31,2000-08-07,1.54544,19.8,15.457142857142856,24.97142857142857,200.6,6.5,1017.0999999999998,7.388468830174955,17.898519014148732,5.772721611726952,21.08554507868922,7.135133272359388,20.518834113906337,7.135133272359388,680313220.8436552,507237804.1096072,52545540.909192406
32,2000-08-14,1.5480800000000001,23.18,17.74,28.78,,4.62,1016.1200000000001,18.96655743100797,17.699941704083393,6.1629519605446985,19.177268078492197,6.7174059268477295,20.20085886699162,6.7174059268477295,680313220.8436552,507237804.1096072,52545540.909192406
33,2000-08-21,1.5606,22.82857142857143,17.7,28.457142857142856,142.6,5.371428571428572,1016.2571428571428,0.0,10.355538878420493,5.655699654773767,21.09008349311158,7.17332913580161,21.428858407925734,7.17332913580161,680313220.8436552,507237804.1096072,52545540.909192406
34,2000-08-28,1.55024,19.714285714285715,15.357142857142858,24.32857142857143,164.28571428571428,5.1,1014.842857142857,10.704011876810709,12.105175051366286,4.624854649586728,17.81772622640773,8.417807332702182,18.293906881156072,8.417807332702182,680313220.8436552,507237804.1096072,52545540.909192406
35,2000-09-04,1.5492000000000001,18.099999999999998,11.766666666666666,25.116666666666664,117.25,7.233333333333333,1011.9166666666669,7.509292319261303,15.153698324575537,6.5750936460332605,17.57849026836486,6.368206826169527,19.385857634617043,6.368206826169527,680313220.8436552,507237804.1096072,52545540.909192406
36,2000-09-11,1.54456,18.72857142857143,13.314285714285715,24.67142857142857,210.0,4.299999999999999,1017.8285714285714,10.573838439455626,14.953889871024444,5.038736294832557,15.854375671669555,5.165509629380168,18.153168642766524,5.165509629380168,680313220.8436552,507237804.1096072,52545540.909192406
37,2000-09-18,1.5256399999999999,17.728571428571428,14.185714285714287,22.2,106.75,6.528571428571429,1009.7142857142857,10.7126586080863,9.148797952194652,4.5227029013384765,14.494081254699946,5.393850458174757,16.58480078598816,5.393850458174757,680313220.8436552,507237804.1096072,52545540.909192406
38,2000-09-25,1.51924,16.87142857142857,12.514285714285714,21.8,180.0,3.7571428571428567,1020.342857142857,0.0,7.531742453167144,5.4283597175179,16.60001363848211,5.1884278242074915,11.420455418499493,5.1884278242074915,680313220.8436552,507237804.1096072,52545540.909192406
39,2000-10-02,1.52352,15.299999999999999,12.471428571428573,18.314285714285713,162.5,4.628571428571428,1011.6714285714285,8.74732572855112,7.916893526738843,3.615814290617389,13.84753501354449,9.710523557699705,11.217823963851211,9.710523557699705,680313220.8436552,507237804.1096072,52545540.909192406
40,2000-10-09,1.52036,12.514285714285716,8.5,16.2,135.66666666666666,5.557142857142857,1009.0142857142857,27.457932232724474,6.193909349351533,7.693357917626588,12.677211433720602,8.693282557382876,10.79375082622682,8.693282557382876,680313220.8436552,507237804.1096072,52545540.909192406
41,2000-10-16,1.5120799999999999,13.516666666666666,12.016666666666666,15.366666666666667,227.0,5.6499999999999995,1016.5166666666665,0.0,3.888784966569927,6.129426896264193,9.474902397607746,3.4028129207310234,14.004859622527817,3.4028129207310234,680313220.8436552,507237804.1096072,52545540.909192406
42,2000-10-23,1.5064199999999999,10.857142857142858,6.757142857142858,15.357142857142858,126.0,2.7,1025.857142857143,12.606090716828309,2.4575033602198193,5.0902434988903105,12.648394088120511,6.826317839084307,11.18339754601451,6.826317839084307,680313220.8436552,507237804.1096072,52545540.909192406
43,2000-10-30,1.50956,9.514285714285714,5.999999999999999,13.085714285714285,190.33333333333334,5.171428571428572,1015.0857142857142,25.33532099910133,2.619507014493672,4.342853134599303,6.874520375327794,5.164205348958726,9.574455190173463,5.164205348958726,680313220.8436552,507237804.1096072,52545540.909192406
44,2000-11-06,1.5265799999999998,6.616666666666667,3.9666666666666663,9.483333333333333,143.25,6.6499999999999995,1006.5833333333334,24.51958226821196,2.13222369981859,4.293977281963695,7.7243969264881525,4.831622035652106,9.952982912947114,4.831622035652106,680313220.8436552,507237804.1096072,52545540.909192406
45,2000-11-13,1.5213800000000002,5.5,2.625,8.825000000000001,61.0,4.675,1021.5249999999999,6.161506788903792,2.173642364427043,4.64546748382086,7.129194888415411,7.056636214742431,3.715620928502507,7.056636214742431,680313220.8436552,507237804.1096072,52545540.909192406
46,2000-11-20,1.5245799999999998,6.425,4.725,9.0,89.0,6.15,1011.8,6.381973600949175,0.013497371881085796,6.046883249594878,3.17837868793913,6.67976857305208,8.06638848926022,6.67976857305208,680313220.8436552,507237804.1096072,52545540.909192406
47,2000-11-27,1.51936,3.8000000000000003,0.1285714285714286,8.657142857142857,114.0,4.828571428571428,1017.1428571428571,3.951380048735797,0.47115578784474005,7.409044529220651,3.855757315202907,4.875344594371997,3.799224758182703,4.875344594371997,680313220.8436552,507237804.1096072,52545540.909192406
48,2000-12-04,1.51354,6.183333333333334,3.4166666666666665,8.683333333333332,,2.6999999999999997,1023.8500000000003,6.60630081735299,-3.3232983011111807,5.346286749968574,2.788413300067691,4.332924159046072,4.48935167069266,4.332924159046072,680313220.8436552,507237804.1096072,52545540.909192406
49,2000-12-11,1.51164,5.0,1.175,9.975,,3.95,1027.3,0.53256352903469,-5.276570579145606,11.217805789202396,4.655867022338142,5.697299123232756,1.7086966206170011,5.697299123232756,680313220.8436552,507237804.1096072,52545540.909192406
50,2000-12-18,1.5054400000000001,1.985714285714286,-1.3000000000000003,6.757142857142855,108.5,3.828571428571429,1018.4857142857143,5.903744072702862,-1.652300690591726,7.856905787766915,5.776855083743007,4.497910768098507,3.807549499487463,4.497910768098507,680313220.8436552,507237804.1096072,52545540.909192406
51,2000-12-25,1.51725,0.5833333333333334,-1.5499999999999998,3.4166666666666665,103.33333333333333,4.466666666666666,1005.3333333333334,23.97499207188923,0.6653071633576798,7.221329166880302,4.181327717621735,6.288532760745288,7.910800611819678,6.288532760745288,680313220.8436552,507237804.1096072,52545540.909192406
52,2001-01-01,1.5250333333333332,-0.11999999999999997,-4.359999999999999,3.8000000000000007,90.0,6.4,1009.5,0.8433956035868597,-0.37708395269957595,4.956456410125938,8.071568347502666,-0.20287062445137227,7.515161574778275,-0.20287062445137227,680313220.8436552,507237804.1096072,52545540.909192406
53,2001-01-08,1.52432,2.585714285714286,-0.2285714285714286,5.057142857142857,92.2,5.4,1015.1,4.401108668585431,-1.4113904563817075,10.052346570732636,7.7912251827824175,7.296867565990117,1.9549793398588458,7.296867565990117,680313220.8436552,507237804.1096072,52545540.909192406
54,2001-01-15,1.5327199999999999,0.9199999999999997,-1.64,3.4200000000000004,,3.38,1024.24,0.0,-3.9244241486624443,10.188406090510098,4.338149503990925,8.100677903661424,4.174537051389828,8.100677903661424,680313220.8436552,507237804.1096072,52545540.909192406
55,2001-01-22,1.533,1.5666666666666667,-1.7,5.216666666666667,115.0,3.65,1020.3166666666666,5.963303196319449,-6.438880871199081,12.006470491019828,4.169837529693541,7.797507414071034,5.661469694884606,7.797507414071034,680313220.8436552,507237804.1096072,52545540.909192406
56,2001-01-29,1.5278399999999999,4.185714285714285,0.37142857142857144,8.342857142857143,125.33333333333333,8.414285714285715,1010.2142857142857,3.293380461248665,-5.8532101809806365,9.860382566288337,2.0754708842893734,4.3571584376586845,4.847831254322013,4.3571584376586845,680313220.8436552,507237804.1096072,52545540.909192406
57,2001-02-05,1.53186,3.5,-0.2285714285714285,6.971428571428572,183.33333333333334,4.514285714285714,1018.5333333333333,3.5133158273941154,-1.2141968138801613,7.055166028061557,1.1971974725053185,10.547167735314126,2.7978244785970743,10.547167735314126,680313220.8436552,507237804.1096072,52545540.909192406
58,2001-02-12,1.53612,5.82,1.46,11.94,101.5,4.38,1024.72,0.0,-5.703984073412073,8.339337189074664,4.267476596595329,8.056764620171196,1.6488718247608913,8.056764620171196,680313220.8436552,507237804.1096072,52545540.909192406
59,2001-02-19,1.5354800000000002,6.62,-0.08000000000000003,13.180000000000001,113.0,6.9,1024.72,0.0,2.17049988378703,6.314299319990312,6.56938472399533,4.656631740332931,3.6240119889701288,4.656631740332931,680313220.8436552,507237804.1096072,52545540.909192406
60,2001-02-26,1.534,4.114285714285714,-0.1285714285714286,8.157142857142857,126.5,6.928571428571429,1002.842857142857,0.0,0.7900310632012413,10.118091216079725,8.3499752245345,8.162601668896302,4.588741142857436,8.162601668896302,680313220.8436552,507237804.1096072,52545540.909192406
61,2001-03-05,1.5390000000000001,7.24,3.9400000000000004,10.459999999999999,172.0,5.76,1014.0400000000002,2.3256621502261905,0.059890723219898634,7.71943051706147,5.657968140442283,7.528130397453038,8.815600253045803,7.528130397453038,680313220.8436552,507237804.1096072,52545540.909192406
62,2001-03-12,1.5401399999999998,8.75,4.050000000000001,14.016666666666666,102.0,6.366666666666667,1011.0999999999999,0.0,-5.433891170264121,5.593344221783548,7.57107405892161,10.278103604643281,5.417327419357133,10.278103604643281,680313220.8436552,507237804.1096072,52545540.909192406
63,2001-03-19,1.5368600000000001,10.342857142857143,5.200000000000001,15.0,152.4,5.728571428571429,1008.5285714285716,0.0,0.12239968856767991,7.592197624040006,6.863502005281635,7.610411807771605,9.36682876311858,7.610411807771605,680313220.8436552,507237804.1096072,52545540.909192406
64,2001-03-26,1.53172,10.685714285714285,5.7,15.128571428571428,256.75,5.5,1005.5571428571429,2.9107366066050666,-0.10976865734173091,5.89607394026703,12.383376330870746,10.615489281803853,7.662742028051397,10.615489281803853,680313220.8436552,507237804.1096072,52545540.909192406
65,2001-04-02,1.52928,11.350000000000001,5.733333333333333,16.55,147.0,8.483333333333333,1017.0666666666666,0.3028974864354401,0.7735715744736585,9.886048781242536,8.000226638763852,9.209539747228515,9.656776612636307,9.209539747228515,680313220.8436552,507237804.1096072,52545540.909192406
66,2001-04-09,1.52792,11.728571428571428,5.0,17.471428571428568,160.66666666666666,7.057142857142858,1011.4142857142857,2.0276572473502616,-3.9058527245733345,8.52958840749305,12.301455959745642,8.743727545696538,7.871593933466569,8.743727545696538,680313220.8436552,507237804.1096072,52545540.909192406
67,2001-04-16,1.5227666666666666,9.742857142857144,5.042857142857144,14.685714285714285,158.2,10.77142857142857,1011.4714285714286,10.371933150877378,-0.4830257231988997,9.91427543475081,14.710116156320979,11.866871835257573,9.20917783999747,11.866871835257573,680313220.8436552,507237804.1096072,52545540.909192406
68,2001-04-23,1.52844,10.933333333333332,4.983333333333333,16.816666666666666,180.25,8.483333333333333,1007.4,0.0,0.8256181081565517,4.2681541907452125,11.484143320857065,7.453747782625021,13.915361429601722,7.453747782625021,680313220.8436552,507237804.1096072,52545540.909192406
69,2001-04-30,1.5336,13.549999999999999,9.983333333333334,17.783333333333335,136.8,6.699999999999999,1014.8833333333333,0.0,2.535918344922571,3.9947936109769104,11.195571731949183,6.525575466152169,10.288962346597684,6.525575466152169,680313220.8436552,507237804.1096072,52545540.909192406
70,2001-05-07,1.542525,16.639999999999997,11.540000000000001,22.82,,3.6599999999999993,1012.82,34.74228503500708,4.824731098668205,8.266428308493733,11.307812404956868,6.175521514217886,12.764622684334608,6.175521514217886,680313220.8436552,507237804.1096072,52545540.909192406
71,2001-05-14,1.5380800000000001,15.55,12.425,18.650000000000002,255.5,4.675,1014.25,2.6143850733102534,7.28844699680612,7.854192129337901,13.838776662160983,12.398980762588984,14.323295302313985,12.398980762588984,680313220.8436552,507237804.1096072,52545540.909192406
72,2001-05-21,1.5327,16.914285714285718,12.457142857142856,21.78571428571428,242.0,6.471428571428572,1017.2571428571429,6.716202050493374,1.5446246637383392,7.690775075606311,12.36950529697537,8.309255509320911,12.214388544176204,8.309255509320911,680313220.8436552,507237804.1096072,52545540.909192406
73,2001-05-28,1.52798,21.933333333333334,15.1,28.900000000000002,,5.3,1015.4,7.663925286570782,6.067769273113507,7.796060856047155,14.283466489992314,8.650617943850918,19.141039682932643,8.650617943850918,680313220.8436552,507237804.1096072,52545540.909192406
74,2001-06-04,1.5229,17.157142857142855,11.157142857142858,22.885714285714283,150.0,9.014285714285714,1014.5714285714286,3.842681200202833,7.358824259788593,6.996071294207296,17.411042756325752,7.001638061435288,19.755310696966095,7.001638061435288,680313220.8436552,507237804.1096072,52545540.909192406
75,2001-06-11,1.52012,16.8,11.375000000000002,21.975,142.0,5.9750000000000005,1014.775,13.05607611458779,8.530133858489599,7.5042574593201365,19.184472528189932,9.536972916859842,20.104504637562343,9.536972916859842,680313220.8436552,507237804.1096072,52545540.909192406
76,2001-06-18,1.52606,19.3,11.959999999999999,26.119999999999997,150.0,7.040000000000001,1014.3,3.6581939016914706,9.635655408599245,8.425635688438796,14.821799642155602,7.21247440212184,22.75369825468079,7.21247440212184,680313220.8436552,507237804.1096072,52545540.909192406
77,2001-06-25,1.52244,21.828571428571426,15.957142857142857,27.38571428571429,292.0,5.8999999999999995,1014.857142857143,26.315098769101443,8.779497267695682,7.648148586576491,20.02110332762535,9.623988873345924,19.961986736735774,9.623988873345924,680313220.8436552,507237804.1096072,52545540.909192406
78,2001-07-02,1.5215,22.849999999999998,18.225,27.85,207.66666666666666,8.825,1017.6999999999999,0.0,10.509615374523976,7.371707749298623,18.001745890900896,6.618721948315919,21.01021428844479,6.618721948315919,680313220.8436552,507237804.1096072,52545540.909192406
79,2001-07-09,1.5212400000000001,21.119999999999997,16.299999999999997,25.979999999999997,163.66666666666666,5.5600000000000005,1013.8,1.6849636853235301,10.907707157904747,7.546226554959735,22.34063791351183,9.733853949567063,22.969357671273738,9.733853949567063,680313220.8436552,507237804.1096072,52545540.909192406
80,2001-07-16,1.51646,18.62857142857143,15.542857142857143,21.97142857142857,155.66666666666666,7.885714285714285,1009.5,2.1753924007972403,12.274898133706754,7.037064097377568,19.286044155750755,10.817564303809277,20.398918002229493,10.817564303809277,680313220.8436552,507237804.1096072,52545540.909192406
81,2001-07-23,1.5072800000000002,21.525,14.775,27.75,267.0,5.199999999999999,1013.5500000000001,11.76117151237547,11.580968107936494,6.641321711220718,21.738756191937476,7.017593262248467,19.303105620224052,7.017593262248467,680313220.8436552,507237804.1096072,52545540.909192406
82,2001-07-30,1.5084,23.32,17.68,29.2,107.0,6.32,1017.5800000000002,7.289221440389291,14.333450001493127,5.747539494774238,19.959989845053048,6.59884086010537,14.921360753417687,6.59884086010537,680313220.8436552,507237804.1096072,52545540.909192406
83,2001-08-06,1.50908,21.21666666666667,17.650000000000002,25.316666666666663,118.66666666666667,7.566666666666666,1014.6333333333333,2.1020326875661937,14.939151272990923,8.45142428015115,19.218227251959103,5.967891940075529,22.957678151402277,5.967891940075529,680313220.8436552,507237804.1096072,52545540.909192406
84,2001-08-13,1.5086400000000002,21.366666666666664,14.966666666666669,27.8,191.33333333333334,4.3,1018.1666666666666,13.137384235914983,8.529896994277141,7.069440720309719,18.807039836339136,6.742403372211793,20.87059627495939,6.742403372211793,680313220.8436552,507237804.1096072,52545540.909192406
85,2001-08-20,1.51804,,,,,,,2.9747486275127955,12.140888566187744,8.200568516469556,18.210710459750054,6.717008126819233,21.366558628811184,6.717008126819233,680313220.8436552,507237804.1096072,52545540.909192406
86,2001-08-27,1.51892,,,,,,,0.0,12.941159487449388,7.906734568323472,18.107182366367546,5.120405900173694,18.621769057330624,5.120405900173694,680313220.8436552,507237804.1096072,52545540.909192406
87,2001-09-03,1.5165199999999999,,,,,,,0.0,9.67542855992141,7.2927019264678385,14.97217048823284,6.221853257750508,18.01312031534202,6.221853257750508,680313220.8436552,507237804.1096072,52545540.909192406
88,2001-09-10,1.5126,,,,,,,0.0,10.54937288926821,6.133489239078506,19.108045286933855,5.325544865103701,15.352444718007368,5.325544865103701,680313220.8436552,507237804.1096072,52545540.909192406
89,2001-09-17,1.5016,12.2,10.6,15.0,,2.4,1020.7,0.0,7.766179699998356,7.3942767124710125,18.562439514370872,8.061361222492945,19.954976460090446,8.061361222492945,680313220.8436552,507237804.1096072,52545540.909192406
90,2001-09-24,1.46848,13.780000000000001,9.58,17.7,,5.140000000000001,1014.0599999999998,3.9778429987160084,8.809743101966802,5.668792148645007,14.95623457841639,5.6939647087460346,16.79189634542028,5.6939647087460346,680313220.8436552,507237804.1096072,52545540.909192406
91,2001-10-01,1.47532,15.033333333333333,12.6,18.166666666666668,92.0,3.6666666666666665,1017.3666666666667,6.605777933141864,8.759031857175962,6.6328191359716495,12.845083767685946,7.132070131914193,14.621036627879706,7.132070131914193,680313220.8436552,507237804.1096072,52545540.909192406
92,2001-10-08,1.48278,15.9,12.885714285714286,19.685714285714287,166.0,4.814285714285714,1018.3714285714286,3.1562319406017805,6.476829133511211,8.19702763822119,11.097744490041528,4.9658837917823195,13.659995785720488,4.9658837917823195,680313220.8436552,507237804.1096072,52545540.909192406
93,2001-10-15,1.48186,13.833333333333334,8.633333333333333,19.716666666666665,,3.4500000000000006,1023.1333333333333,0.0,9.053899424184262,3.9991201986854223,11.312066422117589,11.257166564643214,11.262689983799682,11.257166564643214,680313220.8436552,507237804.1096072,52545540.909192406
94,2001-10-22,1.4792,12.68,8.139999999999999,17.8,99.5,4.54,1018.0,7.0804839627504155,2.717138235266412,4.273039700422644,10.381971549276305,7.564607015760462,11.521501426113383,7.564607015760462,680313220.8436552,507237804.1096072,52545540.909192406
95,2001-10-29,1.4770400000000001,10.225,4.275,16.4,89.66666666666667,6.175,1025.975,8.924863765592171,4.690104602871759,4.846901357121236,8.881743963103812,5.389181133515528,8.67405078559737,5.389181133515528,680313220.8436552,507237804.1096072,52545540.909192406
96,2001-11-05,1.47128,7.133333333333333,1.6833333333333333,13.116666666666667,155.5,4.45,1021.1666666666666,5.972576378179443,0.9502237465782573,6.756972636536355,3.3889049768312676,5.277226241182282,9.600120420609965,5.277226241182282,680313220.8436552,507237804.1096072,52545540.909192406
97,2001-11-12,1.46798,7.2,4.266666666666667,9.4,115.5,9.433333333333332,1015.0333333333333,7.52386540630459,-2.726681320363904,4.210677114980532,8.740724910274926,3.6191733533657318,6.924175079655053,3.6191733533657318,680313220.8436552,507237804.1096072,52545540.909192406
98,2001-11-19,1.4678,2.1999999999999997,-2.8,9.100000000000001,97.66666666666667,4.8999999999999995,1028.45,9.353219947235003,-0.6581491925846656,6.43148754493897,8.007291426602073,4.180904091795698,5.2259429644296915,4.180904091795698,680313220.8436552,507237804.1096072,52545540.909192406
99,2001-11-26,1.46054,3.7857142857142856,-1.1285714285714288,9.028571428571428,99.0,6.457142857142857,1015.8142857142857,7.180153328793798,1.088061930991604,8.112001384549885,4.8090499354635,6.322176683552634,6.9614847050381545,6.322176683552634,680313220.8436552,507237804.1096072,52545540.909192406
100,2001-12-03,1.4663599999999999,4.85,-1.075,11.725,102.5,5.7,1020.4000000000001,5.953459621799427,-6.104552106560156,6.592055438940868,2.6779346668114457,4.989342229258967,1.7036423075225773,4.989342229258967,680313220.8436552,507237804.1096072,52545540.909192406
101,2001-12-10,1.4761399999999998,1.8799999999999997,-2.6599999999999997,7.06,101.0,6.5600000000000005,1029.7,1.6463721060536922,-3.2036376745865325,8.704545854556628,4.729598751061277,6.359971534033156,-2.091714945320964,6.359971534033156,680313220.8436552,507237804.1096072,52545540.909192406
102,2001-12-17,1.4754,-2.2,-6.766666666666667,2.733333333333333,,5.6000000000000005,1026.8,0.0,-3.692714777824091,9.423508828901465,4.753489779171554,5.733850877095705,-0.8137622526326274,5.733850877095705,680313220.8436552,507237804.1096072,52545540.909192406
103,2001-12-24,1.4703199999999998,-1.9142857142857146,-7.914285714285714,3.685714285714286,97.66666666666667,6.228571428571429,1012.4285714285714,0.44936659017155556,1.074298196563429,9.81080118307297,5.194024761665273,6.1147597381076935,3.806202479935177,6.1147597381076935,680313220.8436552,507237804.1096072,52545540.909192406
104,2001-12-31,1.4832,-3.4000000000000004,-8.9,5.074999999999999,106.33333333333333,4.325,1036.5749999999998,1.0943374057220492,,,,,,,680313220.8436552,507237804.1096072,52545540.909192406
105,2002-01-07,1.4799250000000002,-3.485714285714286,-9.385714285714284,4.528571428571428,106.75,4.5,1027.7,4.7513713095176,-2.146884548830082,6.206263050155013,12.54737246958844,-0.6085949962632631,10.061701628384593,-0.6085949962632631,680313220.8436552,507237804.1096072,52545540.909192406
106,2002-01-14,1.4782600000000001,-1.3428571428571432,-6.857142857142857,4.742857142857143,97.33333333333333,4.014285714285714,1022.2285714285714,4.668510766424734,-3.3492498554850956,8.438038798883234,-1.3781042872532208,-0.8697560817547334,2.634050599820482,-0.8697560817547334,778455512.664567,488641202.31225836,39171117.0236253
107,2002-01-21,1.4708999999999999,1.9000000000000001,-1.9333333333333336,7.166666666666667,109.0,3.7999999999999994,1026.6000000000001,0.6382830279185789,-3.249845575134552,9.067837205480817,3.801327784067981,9.03691379454312,4.4905432047507645,9.03691379454312,836791340.8855395,388854614.5276768,85199819.17166722
108,2002-01-28,1.4712399999999999,2.15,-2.1666666666666665,7.516666666666668,114.0,4.8500000000000005,1026.45,0.0,-6.660468206603349,10.468230150840462,2.499800741271271,7.529439026051648,3.162298246067996,7.529439026051648,782674232.665045,514274898.50946826,86804351.5868519
109,2002-02-04,1.4752,5.233333333333333,0.2833333333333334,11.883333333333333,,4.499999999999999,1019.2666666666668,13.00898791149616,-0.6833845926282989,8.759358598641603,-0.13773137485473175,16.243176153693142,7.665783175274759,16.243176153693142,771547778.4945017,458952718.5727408,81101696.6039305
110,2002-02-11,1.47358,3.7,-0.52,8.059999999999999,56.0,5.24,1018.4799999999999,4.876254682057081,-3.122155915990977,10.132603134315257,3.3616661608208664,6.911867197124527,6.373007844128209,6.911867197124527,831046173.6678808,647238206.8581628,78358428.16360913
111,2002-02-18,1.47974,5.975,1.875,10.75,149.66666666666666,5.45,1012.8500000000001,0.0,-2.6347666054168317,6.249619038617194,2.8077116260325354,10.087448733564255,3.5441113605936163,10.087448733564255,909893284.4386941,541563493.8075691,70472669.90521304
112,2002-02-25,1.47918,7.449999999999999,3.6666666666666665,11.533333333333333,110.0,5.900000000000001,1014.5333333333333,0.7125386929485742,2.031369669841368,7.80828989895065,8.805922576166171,10.409280639589676,7.807713714086846,10.409280639589676,782537958.6483979,681514009.4059873,44219814.0872163
113,2002-03-04,1.4765000000000001,9.999999999999998,2.733333333333333,17.533333333333335,226.0,5.733333333333333,1018.3666666666668,6.58818806172814,0.3048610260491754,8.722861739097933,5.563110405382486,8.646548735900803,4.910147883251826,8.646548735900803,730457118.9160353,728181781.2207032,78864782.57542992
114,2002-03-11,1.47352,12.299999999999999,4.866666666666667,19.333333333333336,,6.933333333333334,1014.65,5.037121615146409,-1.0431000458580026,6.686310245585634,4.689015131022328,7.183475506875004,3.5575918128387505,7.183475506875004,869408008.0237253,630285405.3829454,72399859.02337302
115,2002-03-18,1.46528,10.279999999999998,5.14,15.080000000000002,153.66666666666666,11.42,1021.4,5.828688030714115,-2.7665931644704163,7.143708157802603,7.681898560961095,5.3548920710353665,7.360582953187164,5.3548920710353665,753678010.3946896,509322551.0604117,91697563.37001282
116,2002-03-25,1.46292,10.514285714285716,3.2571428571428567,17.714285714285715,222.0,5.328571428571429,1018.0,0.5460734329500991,-3.801363307446887,6.9998140704586636,7.666478028132615,9.45916900014769,9.74067847452966,9.45916900014769,696455345.7996666,510103407.3821721,44670005.961914204
117,2002-04-01,1.4646666666666668,9.75,5.575,13.299999999999999,263.0,5.225,1009.25,4.564647028464097,-1.5188756739337912,6.5305864465149535,5.268202902465245,7.242212213267268,10.346002595989368,7.242212213267268,802980792.1597103,424272357.53138846,96860685.03834671
118,2002-04-08,1.46328,10.466666666666667,6.033333333333334,15.233333333333334,,5.0,1005.1999999999999,0.0,0.030879954840228215,6.3925734124526485,7.005985055267216,9.554184226720462,8.004356925874811,9.554184226720462,528238192.026057,526155862.9042823,50942113.49857994
119,2002-04-15,1.4667,14.75,7.475,20.875,150.66666666666666,7.625,1022.9499999999999,0.0,-1.6205233812909738,8.664241082088246,9.607850733521893,7.201853127399792,10.77660688452071,7.201853127399792,587693920.0371693,586363556.7139938,87829162.96913126
120,2002-04-22,1.46854,13.319999999999999,8.379999999999999,17.6,175.33333333333334,6.56,1013.36,8.72367440410777,-1.4979410269413946,11.31558280906395,8.416937200636621,7.60477840566452,8.307179666181721,7.60477840566452,636634619.8365183,677775343.2505093,73052938.60547423
121,2002-04-29,1.46536,8.3,6.8,10.1,108.66666666666667,7.866666666666666,1011.9,0.0,-1.6833607292965476,4.766232019880036,11.232401940557653,7.550253513993196,8.841548787897102,7.550253513993196,666771250.2531872,532666461.484551,71049217.10824981
122,2002-05-06,1.4574,15.84,10.8,20.94,174.33333333333334,5.2,1017.5600000000001,7.439460212093782,7.330223148375282,5.087923641758066,11.420176344127073,7.967289941381887,12.825307792107658,7.967289941381887,291581519.13265204,517011031.2133092,61572165.65672195
123,2002-05-13,1.45584,17.928571428571427,13.299999999999999,22.4,219.33333333333334,5.642857142857143,1012.9714285714286,1.5648925317040652,1.3275726263870729,7.2066412809103975,10.63230003525848,13.727292587435795,9.248064006497838,13.727292587435795,376618636.1914687,582370603.9876412,30557226.081472717
124,2002-05-20,1.4556200000000001,15.9,9.933333333333334,22.233333333333334,159.33333333333334,10.4,1013.1333333333333,4.574868478442246,5.818248255123656,7.465386749516417,12.301941843970878,5.072240094635145,15.39131983683848,5.072240094635145,401355521.6835133,692893395.9524201,81945447.2327618
125,2002-05-27,1.45516,18.9,14.399999999999999,23.866666666666664,187.0,6.633333333333333,1013.3666666666668,2.705482125158613,5.0829042189906914,9.676110843557712,11.873224857112579,7.389008777502688,18.90945658532973,7.389008777502688,257937006.70903885,613684553.8869938,112316823.19043553
126,2002-06-03,1.46518,18.6,13.399999999999999,24.3,,4.9,1013.3499999999999,17.577716811904693,9.7517083483601,8.907860681011243,15.352748738921884,9.423013351942346,15.532817499412582,9.423013351942346,501604216.1045455,689334607.101309,93136786.58230153
127,2002-06-10,1.4712999999999998,24.9,18.2,30.3,192.0,6.6,1019.3,2.7415052741027974,7.663593012628418,7.239587241320054,16.7345966993402,6.175877546927824,17.477922985761946,6.175877546927824,401259582.94583523,501722319.9557307,114424332.0422951
128,2002-06-17,1.4761,22.625,19.0,27.6,203.0,6.5,1017.6999999999999,10.358174275078596,9.741860463905143,9.73446865535343,10.524663104679348,8.65768263853997,19.838437969805376,8.65768263853997,321132476.2997881,739866302.2924298,100277131.56039502
129,2002-06-24,1.47178,19.650000000000002,16.25,23.65,174.5,6.775,1012.025,0.0,12.458363664181185,7.423056422144526,22.68701431912885,7.5592371400929,17.687679332417357,7.5592371400929,227078654.08603624,670704498.1620313,129252832.5344744
130,2002-07-01,1.46976,19.5,14.52,25.140000000000004,156.33333333333334,6.340000000000001,1015.8,0.3050799492337726,13.52879822021994,5.687066908790876,19.710026845430768,9.053155022618169,21.132798199258463,9.053155022618169,455507031.3046918,457971009.77572453,95239992.85291938
131,2002-07-08,1.4655200000000002,19.657142857142855,16.057142857142857,24.2,178.2,6.485714285714287,1011.7714285714285,0.2590935269940995,13.43910352791372,4.724455714358862,18.390051495672,7.605495779109583,20.795856698154786,7.605495779109583,252781701.45912313,590915811.5089685,78866391.328079
132,2002-07-15,1.46976,22.35,16.0,28.15,297.3333333333333,5.074999999999999,1013.0500000000001,0.0,13.858393526680812,6.633652394667606,20.014622855407872,11.59632137339406,24.02417492034383,11.59632137339406,417671082.92573076,712552238.5667298,100149322.86467421
133,2002-07-22,1.46342,21.9,17.825,26.9,194.33333333333334,6.275,1013.45,9.620655426868911,10.742971284281463,8.872877086011544,20.600956872527068,8.751439806111849,21.779857868697572,8.751439806111849,448003821.4356514,818331720.8650136,77921515.77
134,2002-07-29,1.45182,20.628571428571426,15.414285714285713,26.0,142.85714285714286,7.299999999999999,1011.3285714285714,10.244348399260023,12.71300509539537,4.569924646468359,19.36172500144272,6.449589391286652,19.410067089290735,6.449589391286652,438728222.0128595,744492477.7065797,93926292.75115134
135,2002-08-05,1.4535399999999998,18.880000000000003,13.98,23.66,178.5,5.78,1009.2199999999999,1.4049630392934302,9.56719042978464,8.238413829832801,21.138100714874927,7.07287806704351,20.291884171072642,7.07287806704351,304103677.9853913,775105689.6501305,38852018.275158815
136,2002-08-12,1.45926,21.6,16.6,27.099999999999998,188.5,6.1499999999999995,1014.4749999999999,5.82320118678583,14.141437945835015,7.99607858471537,20.151310682499826,9.923049679613385,22.36797388250067,9.923049679613385,302354091.0245019,601969775.1857775,92383315.56915724
137,2002-08-19,1.4636799999999999,19.416666666666668,15.866666666666667,23.45,165.75,4.716666666666666,1016.0500000000001,3.2156254612162805,12.46973492997487,6.758275950039826,18.598096954366227,6.2363621091351416,17.625839428544488,6.2363621091351416,330415526.98805684,612997409.7131093,42420735.9144686
138,2002-08-26,1.47,19.366666666666667,16.45,22.916666666666668,131.6,6.133333333333333,1018.0499999999998,7.830502988576452,10.197418578897823,6.824519123529098,22.214534313755834,7.453734947146422,25.29358717117561,7.453734947146422,488658783.7834015,623733926.6650904,57014528.82974267
139,2002-09-02,1.4702600000000001,17.7,14.0,22.28,77.0,5.36,1016.0200000000001,5.120625820378383,8.596337101588762,7.129557787285953,16.266287083886514,5.327993687399647,19.158157313106845,5.327993687399647,507641877.12816787,670935645.0613796,62300073.062564164
140,2002-09-09,1.46184,17.24285714285714,13.071428571428571,21.657142857142855,146.0,4.385714285714285,1015.5,4.749627324033817,10.526786115653914,5.034967980531009,16.653170834618795,4.170539099337649,15.27414972668178,4.170539099337649,232244412.87412757,764744554.0660741,103042819.33625814
141,2002-09-16,1.46492,15.9,12.040000000000001,20.14,204.5,6.76,1008.2800000000001,10.25398129672818,12.095294447983559,5.79633882506417,15.107643193292434,5.199415373996801,17.630776004476868,5.199415373996801,600446331.8481686,468415758.4276778,44426973.60042073
142,2002-09-23,1.46766,12.979999999999999,6.3999999999999995,19.54,80.0,5.16,1023.04,0.652321268411507,10.528372314390642,5.380418205754035,17.930113975667034,7.0053135197543765,19.246249998324394,7.0053135197543765,381618610.0364726,504101411.7636649,102827804.24012263
143,2002-09-30,1.4638399999999998,13.200000000000001,9.450000000000001,17.433333333333334,99.33333333333333,4.683333333333334,1012.5333333333333,9.517540615550901,7.8765610574078675,6.15044163654224,14.545618209033925,2.5362400312047555,15.992533488750812,2.5362400312047555,516897428.60641867,645499716.3672801,70153049.40525755
144,2002-10-07,1.46028,14.257142857142858,10.342857142857143,18.228571428571428,139.5,4.785714285714286,1009.3285714285714,6.74823149879247,5.751001245301511,6.239185054641792,13.45354725420537,7.373433622100259,14.235563346670961,7.373433622100259,648864986.9775572,613798928.5575199,60139953.761569306
145,2002-10-14,1.46442,10.2,5.675,15.525,211.0,6.949999999999999,1013.1250000000001,18.132567385208947,9.611707482100392,9.227629772375204,18.04130784812186,4.522811329488045,8.03823951429858,4.522811329488045,626659410.1652195,780007381.1617455,41830838.44943908
146,2002-10-21,1.46794,9.65,4.425,15.275,110.0,6.15,1020.0500000000001,16.265326017377028,4.345274113068306,7.565071595452973,9.367473938538804,5.8753384122253065,10.141664049107995,5.8753384122253065,712736416.6933743,554905289.9695122,84730057.23391046
147,2002-10-28,1.46746,8.475,3.3499999999999996,14.024999999999999,85.5,5.725,1017.1250000000001,18.717126662924542,5.217655092052043,2.9251575146969513,11.068960152763882,5.710439984510224,11.140103401211803,5.710439984510224,694015061.8745136,601519983.8503556,76509534.0379583
148,2002-11-04,1.46356,7.266666666666667,3.3333333333333335,10.933333333333332,76.0,4.966666666666668,1009.1333333333333,8.41354589322804,8.47935380321184,5.770626775887052,10.212798668254804,4.1616197201956275,10.63911040545931,4.1616197201956275,696543190.416391,540967557.1761281,112019716.60282683
149,2002-11-11,1.46304,10.766666666666666,9.700000000000001,12.566666666666668,266.0,7.666666666666667,1007.2000000000002,8.92513062215657,6.641434495199801,6.055590020155014,6.802926600278049,4.676173313259824,5.774217406642796,4.676173313259824,612448645.6183158,533652881.9652106,91378269.5321241
150,2002-11-18,1.46478,8.128571428571428,6.457142857142856,9.685714285714285,100.66666666666667,5.628571428571428,1013.0142857142857,1.2683496897529096,-0.15051989680463773,4.248856965595556,7.754458605767739,4.927601143788897,7.634384866651526,4.927601143788897,729429286.8224267,674482262.6477123,124738214.91247708
151,2002-11-25,1.47014,5.360000000000001,2.18,8.9,202.5,4.86,1010.1600000000001,6.386746069587435,1.816954622330912,6.9232848248233,5.128262736127202,4.806649435869852,4.973262855159537,4.806649435869852,862304101.7901413,702132431.4173312,76517064.11208762
152,2002-12-02,1.4753399999999999,3.3599999999999994,0.5599999999999999,5.700000000000001,96.5,5.2,1021.1,0.5555192394133188,0.925414149045807,8.34158365151361,4.69392602036151,7.885155767287288,4.948023553379047,7.885155767287288,672510060.5194402,654414389.701403,128103093.78345838
153,2002-12-09,1.4724599999999999,3.6333333333333333,0.4166666666666668,7.183333333333334,79.0,4.316666666666666,1022.4500000000002,9.985528786889446,-2.0034000732632706,8.133059172937424,2.7914287217438294,7.185923893766638,3.86387235718257,7.185923893766638,680179231.1901516,687266800.1893507,93973921.83170636
154,2002-12-16,1.4756399999999998,2.966666666666667,-0.18333333333333335,6.333333333333333,101.0,4.066666666666666,1021.6166666666668,0.25953270101945725,-5.481370323669573,7.512974439876144,3.8528461144331674,5.699633319505498,0.533305651819695,5.699633319505498,790311434.3972116,701020274.7330172,67161542.74386247
155,2002-12-23,1.46458,4.68,1.52,7.92,,4.9,1009.0600000000001,6.965067081878329,-2.631832281812733,8.63977610019208,5.605349026405944,4.136718427863819,4.4744580305492505,4.136718427863819,676694931.9194101,650481980.6378642,71134593.03742175
156,2002-12-30,1.4551,2.2500000000000004,-1.1666666666666667,6.183333333333334,102.0,8.033333333333333,1004.6333333333333,1.7211013334090692,-2.0841084636318827,4.8246615351614714,3.5464211903951117,9.13783157309964,4.41279939904972,9.13783157309964,713878428.3475765,429264090.9254056,59749542.37598199
157,2003-01-06,1.45425,0.3600000000000001,-3.5200000000000005,5.4,96.0,4.62,1026.8,2.9828095735455697,1.2128796220803761,7.248478230033379,5.643949703178791,5.197640632514167,5.370027008551055,5.197640632514167,911652980.1505451,404147995.7915846,58800163.328313455
158,2003-01-13,1.45926,0.9333333333333335,-3.316666666666667,5.983333333333333,109.5,4.2,1013.4500000000002,2.0745563452336495,-4.593340985485865,10.434700085180062,1.456565999069382,7.347809155423545,5.762942068370922,7.347809155423545,936746436.4696538,589900369.9719601,67156103.3893659
159,2003-01-20,1.46182,2.733333333333334,-2.3833333333333337,8.049999999999999,106.75,7.400000000000001,1017.7500000000001,1.9182366028437006,-1.5794729061935464,10.775546698659754,5.508131336754529,9.951272137702746,3.8047670536214375,9.951272137702746,723171114.3285741,658756840.7621866,89975232.69859391
160,2003-01-27,1.4642,2.4000000000000004,-1.95,6.5,144.75,9.225,1007.4,0.0,-3.772728794898895,9.89847858759087,-0.26128146609749936,8.15259040881733,2.051996432857074,8.15259040881733,882015703.3487936,515403927.9699139,119449241.49022716
161,2003-02-03,1.46868,0.13333333333333333,-3.6333333333333333,5.099999999999999,94.5,4.533333333333332,1023.0833333333334,7.000269263090808,-0.6064901747698856,9.469920117863076,4.018342970141721,5.992308901380545,8.830976046301128,5.992308901380545,815106762.7438432,686099484.6772791,130815875.14101206
162,2003-02-10,1.4666000000000001,-0.1333333333333333,-3.6666666666666665,4.266666666666667,,4.233333333333333,1024.7333333333333,2.5608481021198095,-2.303747459982861,8.500960174562294,3.5619810986238507,6.79698081359243,8.865854978213424,6.79698081359243,803218641.6453428,529358135.52272946,64956180.19436887
163,2003-02-17,1.46896,2.6,-4.7,11.4,160.0,3.8,1028.3,8.858877705363303,-1.5003009908346299,8.067673559745495,4.883162902952245,7.396282336820631,3.1079214843520404,7.396282336820631,823049800.8744237,596754058.1028574,63259242.661739364
164,2003-02-24,1.4699,5.875,-1.875,13.2,127.0,5.0,1022.0749999999999,0.5556564574750533,0.5582849749086829,9.096718821631661,7.108041351254387,12.538865364803153,4.412692426908423,12.538865364803153,760691456.9779316,685283647.8833885,77298620.38275842
165,2003-03-03,1.46282,9.26,2.14,16.060000000000002,205.0,7.1800000000000015,1021.54,0.0,1.7258148006001544,8.781927794403183,6.040885301525777,7.509734212795963,8.279259657225362,7.509734212795963,779439463.4127077,714919469.1916915,99776131.84687848
166,2003-03-10,1.46328,7.15,1.0,12.25,227.0,7.75,1028.65,9.027633528486675,-2.651242555850971,6.2535423011766715,4.980677857453588,7.891654269469514,3.3980113964077647,7.891654269469514,778934908.5825028,773696062.372349,86729247.7699854
167,2003-03-17,1.4675,9.64,2.44,16.380000000000003,217.5,5.48,1023.04,0.0,-3.834517336894457,6.179350872134973,5.295041045468479,9.398898924318276,4.877199269845548,9.398898924318276,720469051.3870058,557699560.3140008,72246673.15678562
168,2003-03-24,1.47294,12.149999999999999,6.5,17.25,107.0,9.35,1010.25,0.7837751091973446,-6.287678700315102,7.742325704618039,6.1842849022882564,6.8321595160673745,11.648006350282314,6.8321595160673745,740133910.0492239,600984563.0018392,45421105.468262635
169,2003-03-31,1.4756399999999998,6.8999999999999995,1.3,12.133333333333333,210.66666666666666,8.233333333333333,1014.5000000000001,0.2101964638078706,0.6381509956412026,6.390596480471745,11.310552576097377,8.819106095870023,10.934905654304535,8.819106095870023,742685940.6690153,547705185.4894731,13002674.959977083
170,2003-04-07,1.4837399999999998,11.614285714285714,5.0,18.157142857142855,229.0,5.428571428571429,1019.2285714285714,0.0,3.1696218164487746,9.578930260386302,8.386484719387713,10.940631850803,11.323932664855286,10.940631850803,625876826.4701264,537812544.7796142,71926416.92684007
171,2003-04-14,1.4925000000000002,12.983333333333333,7.75,18.4,224.0,5.5,1014.0333333333333,0.0,-1.3661040581188417,7.604063488572956,10.620028947276742,9.08575424059737,9.845746986139236,9.08575424059737,541720528.085518,430530449.530176,33112668.477052353
172,2003-04-21,1.5006000000000002,14.5,10.114285714285714,18.24285714285714,221.0,5.042857142857143,1018.1142857142858,10.415793419703244,4.051652965209103,9.2770615978792,9.49143914610168,12.058003106026263,15.159127785344271,12.058003106026263,593999326.5941442,523698551.97758865,83686709.37090883
173,2003-04-28,1.50482,17.849999999999998,11.833333333333334,23.816666666666663,224.5,6.066666666666667,1020.1333333333333,0.0,2.154583120604072,5.09732836380096,9.320409141694318,7.914623306947102,11.115847884017303,7.914623306947102,554829597.8547328,459726286.0925679,68505364.62101336
174,2003-05-05,1.5110999999999999,17.01666666666667,12.050000000000002,21.583333333333332,77.4,9.033333333333333,1016.1500000000001,25.84890950668632,1.4220463622455293,3.6022213027480876,11.166923054142519,11.533056536863393,12.17209849235688,11.533056536863393,287923733.8828079,555842229.7126186,108070590.19633329
175,2003-05-12,1.51074,15.683333333333332,9.466666666666669,21.15,202.0,5.983333333333333,1017.8666666666667,8.300281719781868,3.2087137680511018,7.0130222400909545,9.305170779172107,6.102355770088622,10.798922825685,6.102355770088622,461981966.9571262,472488928.0606567,83459803.5704627
176,2003-05-19,1.51212,19.385714285714283,14.571428571428571,24.37142857142857,243.66666666666666,6.385714285714286,1014.3857142857142,13.50119259872416,-0.0878431235237409,6.894832280458546,12.195756417145981,14.58006157835542,15.47694304903256,14.58006157835542,538476922.2649988,638546490.2805327,75726270.86317818
177,2003-05-26,1.5160399999999998,21.133333333333336,16.166666666666668,26.899999999999995,196.0,5.833333333333333,1015.0333333333333,11.383392564104696,6.080589535089047,8.170883586151428,16.51434971821834,7.119720213521042,15.646477903027188,7.119720213521042,164698470.2779908,584000708.152442,60223161.8228144
178,2003-06-02,1.5271599999999999,23.88571428571429,17.928571428571427,30.142857142857142,173.0,5.885714285714285,1017.35,7.405483932969103,8.278058711022979,8.164315258312579,18.034476529920646,12.176575336067017,20.718558526285353,12.176575336067017,335625009.87565625,466545702.59857976,91416828.72627896
179,2003-06-09,1.5413000000000001,24.657142857142862,18.142857142857142,31.5,166.0,7.228571428571428,1014.157142857143,0.0,5.534235448881311,8.88642723570092,15.257713936698458,5.33314129529514,13.942986139973204,5.33314129529514,448405787.6984247,673927419.9984763,117928988.77313448
180,2003-06-16,1.542,25.88571428571429,18.357142857142858,32.285714285714285,187.66666666666666,5.442857142857143,1013.1428571428571,4.714465251100217,9.05639445944187,9.074505019266757,14.189565753375385,6.157218358145311,16.363623179713024,6.157218358145311,373065703.6718441,629203308.9028336,105550359.09200507
181,2003-06-23,1.54326,22.62857142857143,16.928571428571427,27.957142857142856,117.0,8.557142857142857,1008.0285714285714,19.07544152018352,11.893296700074394,4.575563002689735,17.999194979352012,7.986622400357991,18.411730922320025,7.986622400357991,297782600.2862256,544409410.4726123,92473352.95299108
182,2003-06-30,1.5406,23.05,16.0,29.549999999999997,75.66666666666667,5.883333333333333,1014.5333333333333,13.993114060202878,13.478215477829117,8.103956828372848,20.490071115188446,8.360425053710362,22.44856566518274,8.360425053710362,388708965.9854763,540096338.1672313,117234105.34090175
183,2003-07-07,1.55322,25.12857142857143,20.585714285714285,29.942857142857143,73.66666666666667,5.628571428571428,1013.0428571428571,0.0,14.247074028897806,6.072208700342402,21.826487768745682,5.406216026327436,18.387145083196046,5.406216026327436,261428908.6896888,563989338.545334,69497116.32316624
184,2003-07-14,1.5487199999999999,24.457142857142856,19.285714285714285,30.38571428571429,76.28571428571429,7.357142857142857,1016.5142857142857,1.616322543434732,14.039099436904667,6.755581793958435,19.76032505086621,9.140024577581338,21.928740405703653,9.140024577581338,271599213.85624874,840749737.4362636,109825522.94821674
185,2003-07-21,1.54154,23.133333333333336,16.933333333333334,29.016666666666666,134.4,9.066666666666666,1014.5,0.4846068264006802,10.316996405525732,5.872414138046521,21.905943274836815,7.091260693892431,17.742054479819764,7.091260693892431,293214082.09338754,913247573.8828015,104915037.30362293
186,2003-07-28,1.5467600000000001,23.7,15.149999999999999,30.5,271.5,5.699999999999999,1014.9,2.1704481943519753,15.323662112477408,3.7687263995160274,20.032636818424436,8.101305867122118,19.856731153211783,8.101305867122118,228319915.0793062,682522344.3500975,111540028.117011
187,2003-08-04,1.54224,26.37142857142857,18.77142857142857,33.94285714285714,202.66666666666666,4.942857142857143,1016.4714285714284,0.0,8.984678756168375,3.1824717725877476,19.206895134031956,6.947125614235723,16.011790935324775,6.947125614235723,217470461.0809657,852722162.9534017,102522703.51114985
188,2003-08-11,1.53574,22.266666666666666,17.2,28.450000000000003,125.83333333333333,7.833333333333332,1016.4499999999998,6.916189293931078,13.373482198920556,5.036275716736906,21.569857610181487,7.722405576025918,19.18159321309,7.722405576025918,362095332.9012924,744429357.5482295,78328641.15339604
189,2003-08-18,1.54508,23.328571428571426,17.22857142857143,30.428571428571434,176.2,5.242857142857143,1011.5714285714286,0.0,9.996378160322923,3.586215470918794,19.61085638422731,5.541915462895026,17.87943601951019,5.541915462895026,518454293.88568497,580060919.1342388,60557533.33900301
190,2003-08-25,1.54318,18.583333333333332,13.266666666666666,24.316666666666666,91.2,7.1000000000000005,1016.6833333333334,30.178215347658202,11.932389998875134,5.615344166333469,16.708154994537445,8.906484290328168,20.35344826324317,8.906484290328168,305205099.63895446,518695407.17398334,50083317.10392849
191,2003-09-01,1.53792,18.066666666666666,12.850000000000001,23.683333333333337,131.75,5.666666666666667,1015.3166666666666,0.4544297934706929,12.453127342382349,7.610205443395236,19.017682597538048,7.293459004659531,19.80621719675433,7.293459004659531,352820208.9026108,534943914.98553795,68038481.41328238
192,2003-09-08,1.53688,17.68,11.7,24.0,137.75,6.14,1023.18,2.599836941519384,11.348808122761307,6.3533025164507695,16.59599229689137,5.689389791309868,16.080486543046298,5.689389791309868,360596832.03306365,670807084.3877354,62925155.38592802
193,2003-09-15,1.5521,17.04,11.879999999999999,22.400000000000002,139.0,5.04,1022.3749999999999,0.0,14.11831571448701,4.455552516284257,15.837387717634106,5.542679626802621,16.858825569493117,5.542679626802621,580275100.2737256,494606109.7451021,95735010.29060778
194,2003-09-22,1.55566,14.057142857142859,10.485714285714286,18.32857142857143,91.75,3.971428571428571,1017.2142857142857,0.0,13.676653967847036,5.6083329891550955,14.623563946164932,7.9463590019412935,20.916374053726493,7.9463590019412935,489080796.5580215,711679776.916373,83406034.79508093
195,2003-09-29,1.5483799999999999,13.633333333333333,8.500000000000002,19.316666666666666,107.25,7.050000000000001,1008.35,1.5305735639874087,8.33179674341335,3.697813169793484,14.798447956365528,6.648706296942104,13.536291500388584,6.648706296942104,500378597.805973,641745828.7390807,54102016.80750592
196,2003-10-06,1.54238,13.299999999999999,8.883333333333333,17.866666666666664,171.5,4.683333333333333,1022.15,0.08528527061386715,3.7655053192085397,4.433528693065551,14.30792766398437,7.079795470493675,14.603085294978097,7.079795470493675,414549872.3566023,579082703.5617207,86321826.22641994
197,2003-10-13,1.54954,9.166666666666666,6.1499999999999995,12.366666666666667,93.75,5.033333333333334,1011.3166666666667,1.6222071000905247,6.577010454578177,7.991844482233445,12.754449557051792,3.9078351220968415,8.672241723461834,3.9078351220968415,718482497.5573983,722473507.2159915,56702808.53672519
198,2003-10-20,1.54894,5.8428571428571425,2.1142857142857143,10.785714285714286,120.0,5.5857142857142845,1013.4714285714284,0.0,6.304204238267233,5.703489589618211,14.364979148669942,2.8970415334013184,14.029428243601343,2.8970415334013184,688756155.0599481,572519738.1732707,49715103.68461439
199,2003-10-27,1.54968,6.228571428571428,1.8714285714285714,12.27142857142857,101.0,3.7857142857142856,1016.1857142857144,19.67008709837559,2.6968456862139525,5.829191399775608,9.89111651471613,10.321342710705554,9.766101518050453,10.321342710705554,588065350.6857754,673630862.4183625,86607030.6187432
200,2003-11-03,1.5514800000000002,6.257142857142857,2.985714285714286,9.814285714285715,110.0,4.942857142857143,1025.5571428571427,28.082737614213947,5.643320526346166,5.352756781068921,4.911480186471437,5.432124420625254,10.294612701632358,5.432124420625254,746330835.115423,489472300.7490293,137189755.8076288
201,2003-11-10,1.5675000000000001,5.857142857142856,3.085714285714286,9.4,108.6,4.114285714285715,1024.6000000000001,3.516524277737798,0.5765620252066483,6.3357093298603795,0.8735334526151197,7.426214079700285,8.767572268908497,7.426214079700285,618191304.5284534,660909371.6624286,92709330.65858124
202,2003-11-17,1.56644,7.933333333333334,6.550000000000001,9.316666666666668,136.0,3.8000000000000007,1015.6666666666666,19.89317121992018,-2.316784110679149,4.616007096849791,7.892979513653685,4.596014262038971,7.453364836732565,4.596014262038971,695718700.229364,721999207.1686451,87747133.47010629
203,2003-11-24,1.55114,6.771428571428572,4.357142857142858,8.928571428571429,85.6,4.942857142857142,1017.9714285714286,2.6832433585710067,-0.9950904376863892,4.76310037505309,7.524988037285699,6.638827641261372,9.492162659249194,6.638827641261372,749194288.4989281,528474901.10397017,75900541.47274715
204,2003-12-01,1.55022,2.742857142857143,-0.9714285714285714,7.242857142857143,91.66666666666667,4.628571428571428,1022.9428571428571,8.134725792281813,0.1999759909789855,8.967441530636764,3.1749389396295213,17.35093383399049,5.739338054818907,17.35093383399049,742683028.5924283,751723467.25353,75215808.52271047
205,2003-12-08,1.55512,3.6714285714285713,-1.1285714285714286,9.414285714285715,111.66666666666667,5.928571428571429,1021.4000000000002,5.089321260568368,-2.216406520522657,6.927727844259477,1.9035948531001412,6.471732702401825,1.641542389148589,6.471732702401825,755679179.6335882,662272632.280437,80452823.88539974
206,2003-12-15,1.54916,0.8857142857142856,-2.857142857142857,5.542857142857143,109.8,6.371428571428572,1024.6333333333334,0.0,-3.693668155651083,7.958421387712675,2.989611273343348,7.367947295036879,2.3713995952471985,7.367947295036879,739809594.087953,704563044.2835207,95398578.16597207
207,2003-12-22,1.55496,0.5714285714285714,-2.185714285714286,3.6714285714285713,82.33333333333333,4.642857142857143,1013.7285714285714,10.253154686027854,-0.4665256048731913,9.67978580585893,4.138064130661535,9.159188090156706,0.2750921842704521,9.159188090156706,876918217.174471,549706572.6372805,82849117.79963882
208,2003-12-29,1.5595999999999999,-1.0857142857142859,-4.814285714285715,2.757142857142857,83.4,4.057142857142857,1017.3,0.9764922698410354,-0.532729855381502,6.098308051101683,4.909957464457712,2.2642473202903046,5.508153070066173,2.2642473202903046,628273056.5825603,393224972.3686466,61727333.78768562
209,2004-01-05,1.55955,3.8142857142857145,0.22857142857142862,8.114285714285714,118.5,7.371428571428573,1010.3000000000001,0.0,-3.576386999945963,7.722465983180273,7.2203659697494205,14.493927378957924,6.771700645597729,14.493927378957924,783848417.8240699,310589940.98766816,28719779.367595166
210,2004-01-12,1.56712,2.283333333333333,-2.566666666666667,6.933333333333334,87.25,5.7,1009.75,1.5989854230293727,-2.4786672911759107,9.749791598466482,5.840491321125408,1.5387590824393094,-2.238079589428426,1.5387590824393094,887950741.1844205,491248252.66892254,60869534.226352066
211,2004-01-19,1.56442,1.5571428571428572,-1.642857142857143,5.428571428571429,90.33333333333333,5.8,1009.6999999999999,0.0,0.20243456688959016,10.856247303454797,3.5360514211559706,5.879090386244326,3.711507800865153,5.879090386244326,755171843.450012,589373725.9491054,34300829.68608578
212,2004-01-26,1.56776,1.8285714285714287,-3.0857142857142854,9.4,92.0,3.8000000000000003,1029.1000000000001,0.0,-3.3845037286755595,11.202525554188183,3.1603830802535215,7.476156906829414,1.7843234308725031,7.476156906829414,673965378.3464141,633955535.3707203,129724381.23085538
213,2004-02-02,1.56606,5.8999999999999995,0.27142857142857135,12.328571428571426,167.75,7.885714285714285,1022.8857142857142,12.994313892617374,-0.8363594702420063,9.863823224397652,3.3231507451651434,7.996094459225756,4.966964883554619,7.996094459225756,766978545.4799784,811761775.7179422,93024475.25461583
214,2004-02-09,1.5687200000000001,3.516666666666667,-0.9500000000000001,8.316666666666666,172.0,4.366666666666666,1020.8666666666664,1.4466543181893203,-1.9378981297769766,8.850161314526753,6.081608889016898,12.456778836449185,3.755858631634479,12.456778836449185,854900439.5808009,706716278.9959137,85305668.59770031
215,2004-02-16,1.5747399999999998,1.0749999999999997,-0.4,3.4250000000000003,76.33333333333333,4.625,1014.825,4.031739138519006,-3.173612641287562,8.823185843747343,4.0542060070847326,5.462263180070538,3.8064899236115446,5.462263180070538,808505747.9293461,642827810.7801154,71999312.72363889
216,2004-02-23,1.57644,3.7142857142857144,-2.6000000000000005,9.114285714285714,160.14285714285714,9.442857142857145,1013.0428571428572,0.7459694133697619,-0.2377369694999178,6.698519887200388,5.794407754111724,2.639624268814787,5.627121111579083,2.639624268814787,826558521.0214976,574678265.6775346,89143243.7457345
217,2004-03-01,1.57576,4.457142857142857,1.0,7.585714285714286,140.75,6.257142857142858,1019.6142857142858,1.2165706018859361,-1.7966582421184603,10.772530966036383,4.352371886235415,5.883791930508414,5.1991117235033375,5.883791930508414,772627123.9005963,728104855.8500671,94406968.51099847
218,2004-03-08,1.5807600000000002,7.128571428571428,0.9999999999999999,13.485714285714286,116.0,3.4142857142857146,1030.7714285714285,4.346058255383337,-2.9499768952347365,7.524619859154122,3.640759578280802,6.573262260049525,5.962407381714959,6.573262260049525,831435655.134002,705625086.1748812,69466548.4741816
219,2004-03-15,1.57132,10.957142857142857,5.828571428571428,15.557142857142855,199.6,7.471428571428572,1012.0428571428572,4.798049900617421,-1.5656784654283242,5.326408053017126,7.01991467968786,7.392252324320889,5.418628131737116,7.392252324320889,757628530.1792195,631869320.3370142,46830336.76113716
220,2004-03-22,1.56296,8.566666666666668,2.483333333333333,14.083333333333334,165.5,6.0,1015.0833333333334,8.769922041907495,-1.1338348002971368,7.953588711372295,10.534898309490478,13.440589984516038,8.629201411381285,13.440589984516038,664021200.6657647,586497203.7496341,18819877.323039852
221,2004-03-29,1.5541,11.785714285714286,6.785714285714286,16.942857142857143,164.6,7.657142857142858,1014.1714285714286,0.0,2.7778349591710234,5.497652155666488,9.144966522323225,11.720908344984805,8.650555471681413,11.720908344984805,652539033.1908826,554739744.0244256,115615769.7129134
222,2004-04-05,1.5617,9.114285714285714,4.671428571428571,13.542857142857144,186.33333333333334,6.42857142857143,1014.0428571428573,3.112042214081417,-0.48262095537114175,8.818307777110991,9.695775240197726,8.673401835999787,1.6114884179881264,8.673401835999787,552439942.0156956,570762597.3813252,66067633.51917015
223,2004-04-12,1.5587,10.34,6.5,13.839999999999998,193.33333333333334,5.6,1008.5599999999998,2.4191346140578225,0.9178456225678935,6.186121815219856,9.096687332775343,9.72285294269342,6.591446048596212,9.72285294269342,631159612.4911702,525009709.8199096,77989379.92674853
224,2004-04-19,1.55054,14.742857142857144,7.671428571428572,20.87142857142857,142.0,6.957142857142857,1013.7285714285714,15.151383544974038,0.9041974274118225,7.721258928369129,9.556502767579726,10.182134231890338,8.687727550283535,10.182134231890338,509394373.9225961,690279701.8252724,101079874.60319078
225,2004-04-26,1.5562799999999999,10.5,8.314285714285713,13.485714285714286,170.66666666666666,5.185714285714286,1002.6857142857143,6.880704835064079,2.0007138823539052,8.148492388508409,12.818051475119898,7.581992210752454,14.782194006890638,7.581992210752454,376913258.00524,506478681.32756686,76594050.97188565
226,2004-05-03,1.5491199999999998,12.828571428571427,6.357142857142857,19.571428571428577,243.66666666666666,5.7,1007.6428571428571,0.0,6.122323498668504,7.746168050761241,10.357410158820322,4.0318499023664724,13.527169129523639,4.0318499023664724,561567465.3395407,595336993.0526121,70139950.71951026
227,2004-05-10,1.5479800000000001,17.816666666666666,9.583333333333334,24.650000000000002,211.25,7.250000000000001,1018.8333333333334,3.4088780393336413,0.8014917318371895,5.489975504003307,17.077340664493807,9.206327520140453,12.233311081890577,9.206327520140453,559114494.1662946,676261527.112533,89954246.67455965
228,2004-05-17,1.5396,15.942857142857141,10.42857142857143,21.042857142857144,200.33333333333334,7.742857142857143,1016.3571428571428,5.64535719528176,7.592013726618413,7.020170658953092,14.792638166329569,11.20456451595887,16.223893646446804,11.20456451595887,187294397.75769377,598809991.9710584,102384666.88284844
229,2004-05-24,1.53626,17.6,12.714285714285714,22.02857142857143,148.6,6.942857142857143,1017.1285714285714,0.0,5.889960987778435,7.904954423206495,14.214821721856584,6.817129096688919,17.785536002267733,6.817129096688919,304438330.34205955,714807907.1805663,92878989.7480913
230,2004-05-31,1.53384,21.457142857142856,14.385714285714288,27.571428571428573,212.33333333333334,7.528571428571428,1017.3,4.270539384331345,6.5630967186531395,8.093378060477324,16.36150855511436,7.710088963877416,16.79766858654136,7.710088963877416,239418222.25805756,603394696.2836021,96176322.29618786
231,2004-06-07,1.52662,21.019999999999996,13.98,26.560000000000002,257.0,7.74,1017.0799999999999,0.0,7.925635673384577,7.292112567122611,16.28710093288502,7.352424271243194,17.115861159211978,7.352424271243194,230569350.57834303,610669719.4360951,99107102.05465765
232,2004-06-14,1.51634,18.833333333333332,14.700000000000001,23.349999999999998,176.33333333333334,6.55,1009.4666666666667,14.786037411593611,10.516782775014196,7.8773278646025755,17.089224294607334,6.998542850008335,18.779466938285207,6.998542850008335,404007249.9523059,749450089.5854887,84649923.76719563
233,2004-06-21,1.51534,22.325,17.075,27.35,280.0,5.775,1017.5000000000001,24.126572561139724,12.858821972905108,8.189670430230468,21.568692216883488,6.711836124541876,20.87151301073644,6.711836124541876,334601535.27771413,725731185.865687,125924721.12807088
234,2004-06-28,1.5157399999999999,20.86,16.6,24.639999999999997,134.0,6.919999999999999,1015.82,0.0,8.818988449976475,6.717168461907781,19.93287656029296,9.000700833453507,24.430070469109243,9.000700833453507,317398169.2588205,588663702.6612484,105541702.52034098
235,2004-07-05,1.52288,19.316666666666666,13.433333333333332,24.899999999999995,131.4,7.933333333333334,1011.2833333333334,3.329029206850833,15.037846927576993,8.208406845966692,18.11412445207639,4.8657763857543985,19.792102935671807,4.8657763857543985,346347500.9769085,774801110.5904003,105350343.62835488
236,2004-07-12,1.51866,22.75714285714286,17.657142857142855,27.785714285714285,183.8,5.757142857142858,1017.5714285714286,0.7224914640560897,14.468835448901103,8.855324799107052,20.291017678328693,7.255824940481368,20.93756794757536,7.255824940481368,337339644.7178479,694598891.1270502,113027885.25763655
237,2004-07-19,1.5250599999999999,22.7,16.928571428571427,27.78571428571428,125.0,6.257142857142857,1013.2714285714284,5.993296624024863,10.96031099900027,8.385718985023022,21.57587367409821,7.592453925047585,21.977162121282813,7.592453925047585,352601406.19414604,804509528.5620673,89782989.26311141
238,2004-07-26,1.53212,23.185714285714283,17.84285714285714,28.985714285714288,224.8,5.928571428571429,1012.7142857142857,3.8759898723693684,12.512338089578146,4.189399844504191,21.35021308698343,6.093391887430078,19.720472232320095,6.093391887430078,338194588.3276302,736798260.7513072,92739825.29268834
239,2004-08-02,1.5379,21.17142857142857,17.714285714285715,24.928571428571427,160.0,5.228571428571429,1012.6142857142858,13.403881784559262,14.92697570727972,7.257590014208555,20.530571604740768,6.8695830153600745,19.64619080782593,6.8695830153600745,542713025.555511,697164286.4464393,104941490.1022696
240,2004-08-09,1.53924,20.7,16.54285714285714,25.37142857142857,122.71428571428571,6.171428571428572,1013.8714285714286,0.0,16.2727222601841,6.283989573870475,19.927737004532073,6.205370457751,18.91112375696569,6.205370457751,291358482.68054867,655840616.341251,60294866.09928745
241,2004-08-16,1.53748,19.900000000000002,14.866666666666667,25.5,108.33333333333333,9.000000000000002,1012.7666666666668,9.666055555920433,12.62868052871241,6.307788413203602,21.44695957326332,6.352711363687015,19.661831515368192,6.352711363687015,390596550.0470474,601577010.7105517,47058450.043242514
242,2004-08-23,1.53754,19.5,14.4,24.866666666666664,192.0,5.866666666666667,1014.1666666666666,27.826032802960203,12.906213155858099,5.923812664615364,19.63749083308433,7.8787569800937,25.03130742925636,7.8787569800937,384805108.2143028,525387338.72720444,67304139.69515613
243,2004-08-30,1.54042,20.900000000000002,16.514285714285716,26.085714285714285,142.0,4.4,1023.5428571428572,0.0,14.724716079601546,5.444918086084398,18.07806555131088,7.918908121807518,17.15759246417329,7.918908121807518,283951922.01215106,774414578.3144696,72858763.139955
244,2004-09-06,1.53658,18.783333333333335,16.55,21.63333333333333,141.0,4.933333333333334,1020.0400000000002,9.984913160950681,10.372711762377996,8.262789067982826,19.474518960447355,5.693175958792106,12.895326743051267,5.693175958792106,476489073.103974,597680610.5939853,57707469.93442645
245,2004-09-13,1.53812,17.1,12.2,22.9,,4.8,1022.6,1.162879538065149,6.595704261625645,7.9668254440909285,16.874844972913937,6.481845437653224,20.4037955599596,6.481845437653224,416117866.5489749,444502448.40232927,92690092.66205105
246,2004-09-20,1.54522,14.5,8.62857142857143,20.74285714285714,100.66666666666667,7.514285714285714,1015.6428571428571,6.43939799158178,11.814001502685404,5.408873787119023,18.53663978063182,4.285056646559122,15.562334093017224,4.285056646559122,422386833.4664385,674617483.1033075,86658071.81254995
247,2004-09-27,1.54744,16.16,11.940000000000001,21.24,,3.3600000000000003,1022.0600000000001,7.838327249925277,10.688815652644909,8.169562840127554,13.705752495795007,4.61867406746196,14.455621210523955,4.61867406746196,549400910.8699954,758672480.5885669,55550548.9328073
248,2004-10-04,1.5511599999999999,,,,,,,13.043639772454668,7.5462270293342515,5.9849463809422305,13.708808737690886,7.027128945019729,12.82474319713079,7.027128945019729,536782878.62488544,787924282.7158895,79316135.26895443
249,2004-10-11,1.5527000000000002,11.733333333333334,9.833333333333334,13.933333333333332,,3.4,1016.0666666666666,0.0,8.91993248728569,6.388213225054253,12.593364399808243,6.883635216325716,12.664561247740941,6.883635216325716,800218388.3647618,662743441.1313207,103116311.65195432
250,2004-10-18,1.5438800000000001,14.799999999999999,13.62857142857143,16.75714285714286,211.0,3.814285714285714,1015.2571428571428,0.0,6.675696363887507,7.9480457494950825,12.039130146560078,3.1625925789592864,10.34134999091575,3.1625925789592864,595553404.7038397,676644444.5130436,59813238.6129991
251,2004-10-25,1.53668,12.416666666666666,9.983333333333334,14.933333333333332,97.33333333333333,4.55,1013.8000000000001,0.0,8.691394171170852,5.939847686189987,15.41005351370253,7.509999430561096,12.017261024931512,7.509999430561096,655673543.8574922,559516385.549846,39424708.516040884
252,2004-11-01,1.53174,8.528571428571428,4.057142857142857,12.514285714285714,109.0,6.985714285714287,1012.0428571428573,1.0918869059472156,3.6588036743916867,3.9002659639565547,13.733932856065545,6.046983762249902,9.553988094705588,6.046983762249902,581717594.4763126,613553856.2319512,147074350.8019989
253,2004-11-08,1.53108,5.514285714285714,0.5714285714285713,11.37142857142857,100.4,6.757142857142857,1019.2571428571429,0.0,3.5078312384742665,4.842346576043962,8.450509139437866,5.294614072167408,8.411134144903468,5.294614072167408,633035074.2887354,696555320.5215617,97242464.92705818
254,2004-11-15,1.52264,3.842857142857144,-1.1714285714285713,9.799999999999999,93.0,6.0857142857142845,1023.0428571428572,0.0,4.765795559347328,5.375864859734428,8.56679309138468,5.958918788758287,5.60400527106021,5.958918788758287,791631883.6362895,677382097.2047547,99587960.18883345
255,2004-11-22,1.51844,3.0,0.36666666666666653,5.866666666666667,81.5,4.666666666666667,1020.9333333333334,0.0,-0.5689340765693667,6.846363567061647,8.279126413071644,5.036725424728525,3.2591727415612315,5.036725424728525,802049762.6055349,759514043.2064478,90670007.3901955
256,2004-11-29,1.51444,3.75,0.11666666666666663,9.383333333333335,,3.5333333333333337,1026.2,3.066274628759899,-2.325051132979607,7.954047991579099,4.3984514437309725,9.265679062625061,6.504964859102532,9.265679062625061,554184052.5340285,727983951.2810029,92174085.9605731
257,2004-12-06,1.52254,0.9999999999999999,-3.2999999999999994,7.616666666666667,,2.5833333333333335,1028.0833333333333,0.0,-1.8683408762940181,7.345719261388879,3.2935095721055063,4.969211783135079,3.1946890389869993,4.969211783135079,783531280.3816513,545505980.8135583,73514630.8156082
258,2004-12-13,1.53352,0.38333333333333336,-3.4666666666666663,5.233333333333333,119.25,5.6000000000000005,1016.5333333333334,10.407617720470128,-4.051353592395385,7.848354925508651,4.089659617717645,5.360897120536771,3.478377437259346,5.360897120536771,637762341.7071708,664015545.749897,70195878.32543176
259,2004-12-20,1.53438,1.7249999999999999,-1.375,4.375,147.0,5.45,1014.325,0.0,-0.7512123083834695,8.633184541587122,3.181186681618704,6.735151562193713,3.5623287570424433,6.735151562193713,573432685.2995939,628018308.9944067,112354821.05539206
260,2004-12-27,1.54448,1.0,-3.6666666666666665,5.866666666666667,91.0,4.933333333333333,1027.5666666666666,0.0,1.4982469963062957,7.323332114662071,5.770274795908848,5.285369975483841,6.345674302408656,5.285369975483841,674475813.1167537,762152098.748781,77174374.42883725
261,2005-01-03,1.5436,-0.01666666666666668,-3.8666666666666667,5.566666666666667,101.0,3.1666666666666665,1031.8,6.477448183422643,-2.4935694582272294,7.410133226047666,9.396789935862994,13.985984066444951,3.0542599694239576,13.985984066444951,648426932.080369,582567391.7603923,54693975.19048223
262,2005-01-10,1.5492000000000001,0.6142857142857144,-3.314285714285714,5.1571428571428575,104.8,4.8999999999999995,1022.3428571428573,3.9608630081751284,-2.461170165623919,8.117940174230108,3.333559381131421,9.79344928598831,0.4286039452372594,9.79344928598831,784874116.683657,680657789.1819817,69659633.48584905
263,2005-01-17,1.54756,3.2857142857142856,-1.2142857142857142,7.128571428571429,100.57142857142857,11.9,1009.9857142857143,14.028786939489752,-0.8725652688618695,11.397852232769875,0.8783961711691219,7.106700188391288,4.308703861054191,7.106700188391288,893675298.4249201,700536423.7633922,88724372.82983232
264,2005-01-24,1.5439,1.8999999999999997,-4.616666666666666,7.8999999999999995,104.25,8.083333333333334,1019.1833333333334,1.9203019656517766,-4.92054626644172,13.50174346848845,3.331810196797657,6.573573926390068,-1.773598251979512,6.573573926390068,825304615.7018063,709482997.3271846,120255576.55952734
265,2005-01-31,1.54734,2.8,0.19999999999999996,5.35,145.0,4.2,1029.1,7.018177865192507,-1.9332562240011026,10.039207680763466,1.70124943233299,8.135856279766829,2.904468596546511,8.135856279766829,804540856.6879623,757546060.9305937,81077892.51144616
266,2005-02-07,1.5562200000000002,4.366666666666666,-0.8333333333333334,9.766666666666667,133.16666666666666,9.533333333333333,1006.4,2.469618351291815,-2.5625755070530607,8.714852536347012,3.663496361950715,7.147966067514028,9.00566153694253,7.147966067514028,679680305.695073,776521540.1757104,95623277.51596789
267,2005-02-14,1.557,1.525,-2.925,5.424999999999999,129.0,5.5,1005.15,7.447621982297239,-1.9531844046642077,7.247832543303885,1.520216419932654,8.380741709370147,2.354433717670106,8.380741709370147,729311063.999924,745996064.4021112,98398931.53819728
268,2005-02-21,1.54766,0.6400000000000001,-2.66,4.58,115.66666666666667,8.42,1010.4800000000001,1.55329487735146,-3.739956115608116,6.637016680081091,7.292559869481809,4.645719417553236,8.562910119163266,4.645719417553236,696849967.6985587,649225678.014111,55550949.58131237
269,2005-02-28,1.53956,4.42,-2.32,10.92,140.5,9.68,1013.64,4.1734931957864605,0.12838352758115051,8.35605315505005,6.690134008158487,9.552364103499723,10.096922885969645,9.552364103499723,777467553.3899634,747020081.7324475,112942888.46287113
270,2005-03-07,1.5448,7.716666666666666,0.04999999999999997,15.149999999999999,154.33333333333334,6.333333333333333,1020.0333333333333,7.3850088495200135,-2.303858629863611,6.545059424075846,2.8611454359164257,7.958372211334346,3.003863432648008,7.958372211334346,843283494.0350245,626538730.9259304,76743694.30241826
271,2005-03-14,1.55088,12.4,5.883333333333334,18.466666666666665,214.0,5.266666666666667,1020.6166666666667,0.2835963214962127,-1.9315599182726135,8.679280989586116,6.329526056649537,8.856063773016595,4.323597191769839,8.856063773016595,708370224.8799236,664416788.3585639,85502056.89540349
272,2005-03-21,1.54894,11.919999999999998,8.8,15.26,268.0,4.64,1013.82,0.0,-2.3016150485025553,7.810770507176156,6.565192259826585,12.06389865691431,7.449283838594879,12.06389865691431,563612400.9340247,555015269.9369845,63957822.98819748
273,2005-03-28,1.5539333333333334,10.739999999999998,4.74,15.98,281.0,5.339999999999999,1027.3,9.843851513473904,0.4492086602590243,7.086320247172935,7.406537783341048,9.39720275297471,9.726876017430019,9.39720275297471,593485751.6188288,720308446.3927617,80030491.12746285
274,2005-04-04,1.55166,10.15,7.199999999999999,13.45,139.0,4.95,1008.05,3.4264764220078883,-1.6116965958866005,9.3356373812693,8.783027311362767,11.232374989076083,10.683448943443645,11.232374989076083,516215564.56255066,626260068.163493,70967915.936176
275,2005-04-11,1.5508,10.885714285714286,7.128571428571428,15.371428571428572,268.25,5.885714285714285,1003.5,0.7347519708627648,-1.3482023416810518,6.260043625235381,9.979294609825633,10.984924307204203,11.148730803590047,10.984924307204203,452458331.60182524,482011855.45849097,73490798.66424817
276,2005-04-18,1.5509600000000001,12.885714285714286,7.700000000000001,17.74285714285714,253.0,5.285714285714286,1015.7428571428571,2.141797558289534,3.4142240691140184,9.956463132220529,13.747451067415959,12.828107531623523,8.218275319062144,12.828107531623523,405324998.9564808,614617889.6368865,128606898.31405672
277,2005-04-25,1.54386,17.857142857142858,11.77142857142857,23.714285714285715,140.75,6.1000000000000005,1015.3857142857142,0.0,1.2989280000173387,5.100699252422984,12.818625311027553,7.463809906315046,12.705268617692962,7.463809906315046,371052829.34078735,499974671.375545,61925649.4010824
278,2005-05-02,1.5405000000000002,15.5,10.071428571428571,20.885714285714283,164.16666666666666,8.614285714285716,1011.1285714285714,21.93138709267867,2.1852148604337627,6.984029713092977,14.33661707436664,8.838756977413597,12.151585452911998,8.838756977413597,382780765.7898402,627604628.7346193,104622995.50300828
279,2005-05-09,1.54532,14.385714285714284,9.614285714285714,19.47142857142857,297.3333333333333,6.142857142857143,1014.3285714285714,0.08502467373270761,3.8999475941485504,8.11205444128522,13.501972155791936,5.685980477253375,10.81632861698115,5.685980477253375,366710081.9996941,584260290.8283008,122194583.62271908
280,2005-05-16,1.5453,17.67142857142857,11.757142857142856,24.11428571428571,244.66666666666666,5.714285714285714,1019.1,7.8411160885913365,4.1887927024999625,8.297169271371923,14.188239604487796,16.730430266294825,16.00934553559681,16.730430266294825,324880574.57899004,556311706.0217077,103692276.60097261
281,2005-05-23,1.5447799999999998,22.349999999999998,16.916666666666668,27.75,175.0,6.366666666666667,1016.6666666666666,9.542801722282372,8.462480996509788,9.826344271403538,16.869679309597956,5.64271891916664,14.192023609365338,5.64271891916664,219548175.37916195,821400000.4188797,112329809.63570243
282,2005-05-30,1.5464600000000002,19.728571428571428,14.228571428571428,24.557142857142857,155.75,8.628571428571428,1016.9428571428571,0.0,9.59078959266108,10.123164738006093,15.117274174826608,7.6314405948718225,18.492977362135214,7.6314405948718225,414924014.6282827,636286881.8036168,104633018.87423083
283,2005-06-06,1.53416,16.5,12.674999999999999,20.025,57.0,5.375,1013.875,0.0,5.656513663088273,7.230333315779307,14.193194881046438,5.9254068781285865,14.399774837335158,5.9254068781285865,438544328.7795874,653168678.5300891,80595673.53175257
284,2005-06-13,1.5341799999999999,23.1,16.2,29.6,,5.0,1019.2,4.656922864613231,7.750618272102951,7.296948811554348,21.885853436597113,8.011134549824755,16.957266389699633,8.011134549824755,355368464.55011934,562824603.6039184,67774703.26020096
285,2005-06-20,1.54134,23.859999999999996,17.98,29.76,212.75,6.0,1013.18,10.002032893357121,14.62136039273191,5.963877018020472,19.475481044458835,7.407284249601342,18.570052336710386,7.407284249601342,396115963.6978717,758327725.0957911,159478775.06749862
286,2005-06-27,1.5415199999999998,21.82,15.64,27.860000000000003,137.66666666666666,9.82,1012.0200000000001,3.040234750880532,12.483064682315113,8.919277306457694,22.624840127438386,8.62036209610192,15.011721932823036,8.62036209610192,270886952.44533646,722333227.320745,118272660.4379222
287,2005-07-04,1.54836,20.942857142857147,15.128571428571428,26.871428571428567,215.0,6.557142857142857,1015.5285714285714,5.758908373371879,14.901925929938269,7.762003437875637,21.231994658314008,7.531214971892043,19.35209867758155,7.531214971892043,129626807.76436019,816840145.3095791,103580171.99360666
288,2005-07-11,1.55244,23.6,16.87142857142857,29.62857142857143,171.4,7.014285714285714,1014.6714285714286,1.3324503199866546,14.36638760950009,7.029211150548977,22.15774528161919,8.062834581898125,22.202816042688156,8.062834581898125,472842114.29154646,783475768.2317878,112451894.99961309
289,2005-07-18,1.55854,22.04,17.540000000000003,26.7,204.5,6.5200000000000005,1009.9400000000002,5.803569171151402,16.73315983503075,9.239164942655288,18.506267081633258,9.318449430682488,18.99271247808161,9.318449430682488,272517447.6735623,902075339.3001289,79956730.43056338
290,2005-07-25,1.5627799999999998,22.38571428571429,17.857142857142858,27.671428571428574,152.16666666666666,8.500000000000002,1012.7333333333332,8.144268613215603,13.596670796711365,4.354933749990824,20.25019526561359,7.8467636793429145,19.567737717818773,7.8467636793429145,282072674.0772713,744858287.0724552,87523089.27959298
291,2005-08-01,1.56088,19.166666666666668,13.766666666666666,24.8,206.0,4.866666666666667,1013.1666666666666,6.173918946154117,12.500731133965733,7.501150879818816,21.430956562519963,6.008157016035592,20.129637177401875,6.008157016035592,159836137.6331903,693474260.3845149,65078182.4332647
292,2005-08-08,1.5582,20.242857142857144,13.142857142857142,26.571428571428573,169.25,6.885714285714286,1013.4,0.0,15.412274362436321,6.6543148479752405,19.45470742136537,7.640126213789379,20.682109321903518,7.640126213789379,380680499.23419356,794337786.1185925,85422210.38681276
293,2005-08-15,1.5541800000000001,19.183333333333334,15.983333333333334,23.7,174.0,6.066666666666666,1011.4499999999999,0.0,10.223194233070021,3.073741539504173,21.247164812402016,7.333035965041034,17.26305407980227,7.333035965041034,452739878.6136217,677263000.8140249,83997693.47761194
294,2005-08-22,1.54936,20.714285714285715,16.642857142857142,25.371428571428574,152.5,4.714285714285714,1018.2571428571429,24.876705830536995,10.712265678184195,7.03442096708033,19.015051664848777,10.542718089576683,20.11208092969143,10.542718089576683,250657565.35202944,658550732.4660709,83583587.2986549
295,2005-08-29,1.54954,20.599999999999998,17.12857142857143,24.557142857142857,157.0,4.757142857142858,1019.8000000000001,0.7280399853523427,13.938375615469782,5.061912904628704,16.37698972889916,7.151629088705367,17.933531008300598,7.151629088705367,408111000.44389397,687986611.2641416,33985209.605329745
296,2005-09-05,1.54652,18.2,14.4,22.77142857142857,106.0,4.457142857142857,1015.642857142857,7.995969479346388,12.69565849179782,6.5469690977571355,17.79787376109151,5.0616023696099255,14.108099557150247,5.0616023696099255,469957248.7211832,529516310.4588606,94333265.78059468
297,2005-09-12,1.5435,17.085714285714285,14.0,21.085714285714285,100.25,5.371428571428572,1013.6714285714286,11.345487408923734,9.478880513979759,5.961731802784883,15.118100348588943,6.056090121574512,19.69365764057334,6.056090121574512,498171657.41655993,700446874.6277304,106718948.55282655
298,2005-09-19,1.54866,17.3,12.985714285714286,22.071428571428573,122.0,3.771428571428571,1018.76,4.5034200958164625,10.841939803592457,4.943099312683579,17.91412793628841,5.7348223699507095,15.370811239275113,5.7348223699507095,509660064.93079394,698655825.491547,84719560.28327867
299,2005-09-26,1.5539999999999998,12.87142857142857,9.257142857142858,16.5,101.75,5.771428571428571,1018.8000000000001,0.0,11.03939422436037,5.523894344704595,14.494189249693306,5.956905747261162,12.051995199828793,5.956905747261162,632057886.8190789,593836819.2299311,87320165.10074855
300,2005-10-03,1.5562,13.528571428571428,10.571428571428571,16.885714285714286,115.0,3.5499999999999994,1022.8714285714286,0.0,5.650741883518149,8.319088476378614,14.034912378017415,7.566354244923119,15.134792653688418,7.566354244923119,465774767.43594307,887780451.5552839,83636011.90577012
301,2005-10-10,1.54908,11.185714285714283,7.571428571428572,15.328571428571427,,,1023.7714285714285,11.926054856729682,6.758992862140884,5.789639321807907,13.554922709035356,8.080356234660393,12.989471804448172,8.080356234660393,598305565.2883065,741439739.4873952,72813800.22364771
302,2005-10-17,1.55016,12.27142857142857,8.77142857142857,16.200000000000003,,,1020.8714285714285,28.105031669989245,8.444581434660012,6.470973359343588,11.278483625297879,5.465125040193156,11.571940032830904,5.465125040193156,763753555.1749055,615653268.8514963,79585992.9058202
303,2005-10-24,1.54988,11.466666666666669,7.366666666666667,16.7,,,1023.2333333333332,34.597296453154726,1.5212432641086076,7.589932302627941,12.150466047288454,2.8452530625379566,12.269626102048514,2.8452530625379566,556472539.9219775,747380721.0249364,57396987.35732212
304,2005-10-31,1.5458200000000002,10.128571428571428,6.885714285714285,14.257142857142856,,,1025.5285714285715,0.7162046670137023,6.793085695710985,5.186496607288018,9.912621645419659,4.392965843244099,6.886466103200634,4.392965843244099,575952507.0089561,701256687.8878946,113672906.12256019
305,2005-11-07,1.54368,8.428571428571429,4.228571428571429,13.114285714285714,,,1018.1142857142856,13.303658588600424,6.290350422519587,6.277799106842205,8.253692815570615,4.583264070996088,4.828423336455556,4.583264070996088,522630427.178141,643777043.2662752,105303478.34275542
306,2005-11-14,1.5402799999999999,2.3857142857142857,-3.142857142857143,8.757142857142856,,,1021.4857142857144,19.25877357177132,0.5119268105232679,4.00622075371469,10.256529811892577,4.844714512173582,8.011611189973802,4.844714512173582,577396579.4045414,749641145.5703524,119514223.74932735
307,2005-11-21,1.5460999999999998,-0.5714285714285714,-4.0857142857142845,3.042857142857143,,,1005.1428571428571,0.0,2.0452712217838025,7.318150805571967,3.7707826886210327,5.384251052843009,6.192537866707952,5.384251052843009,705230258.7738757,757043427.7845676,78589255.90588188
308,2005-11-28,1.5481399999999998,0.31428571428571433,-3.971428571428572,4.257142857142857,,,1010.8,0.0,-0.01973251970259826,5.670368589128066,6.240814988520172,2.149822650961913,3.0839357239763814,2.149822650961913,775154554.3751603,609837513.6706306,113604492.95099962
309,2005-12-05,1.54614,,,,,,,0.0,-3.971936788837522,8.01654414673502,3.0273984645542003,7.730294269397591,2.5395702986610607,7.730294269397591,711996964.7262447,797732349.620711,70718140.45526436
310,2005-12-12,1.5401799999999999,-0.85,-5.233333333333333,4.05,,,1022.6333333333332,0.0,-3.8280633004032523,8.774693316452595,0.19026297133279568,6.448263162333393,6.124492677375667,6.448263162333393,616373880.6525025,767741202.4798725,121660252.80515376
311,2005-12-19,1.54478,-1.785714285714286,-6.028571428571429,2.042857142857143,,,1014.2428571428572,6.733504077695558,-1.724333793527558,8.987811384296782,1.353392216630639,4.889845181810843,5.396822975056465,4.889845181810843,665392117.571063,608673467.0466692,136991722.09022027
312,2005-12-26,1.5541749999999999,-1.114285714285714,-6.757142857142858,3.028571428571429,,,1016.0666666666666,0.5150253467087939,0.20523832889044216,5.12865716159019,3.6187766661326957,5.2956906706942535,11.669927845828024,5.2956906706942535,593741617.7943118,532213430.91887003,59572140.965816095
313,2006-01-02,1.5565200000000001,-1.3833333333333335,-6.083333333333332,3.783333333333333,,,1028.6666666666667,0.0,-2.4421063190262906,6.322138551571088,5.941951265261328,-1.182857940806982,5.115074132578999,-1.182857940806982,694333977.9162688,577409992.3204834,73801312.48429249
314,2006-01-09,1.5477599999999998,-2.771428571428572,-7.285714285714286,2.957142857142857,,,1025.6999999999998,2.460161458783423,-4.269057950740745,12.041514451076104,3.599249774967349,6.537676203202026,4.323696215374433,6.537676203202026,774755601.6857426,657784346.1746986,69478602.7631123
315,2006-01-16,1.54752,0.07142857142857155,-4.414285714285714,4.585714285714286,,,1025.3714285714289,12.885277617712688,-3.905340715779732,11.950595496265686,4.035193192990772,7.252849305784075,1.2132461865167778,7.252849305784075,633785304.4363196,785843600.7188458,87427557.696429
316,2006-01-23,1.54954,1.157142857142857,-1.9428571428571428,5.314285714285715,,,1023.0142857142856,1.9982868664444098,-5.04028550334311,9.267746704896917,3.361316654097942,8.300101755189047,5.4713510747188545,8.300101755189047,788954012.9188594,591694440.6957601,61248358.51747708
317,2006-01-30,1.55098,-1.2142857142857142,-7.157142857142857,5.5857142857142845,,,1017.1285714285714,7.805120710318799,-1.7984466784865787,8.512109825114516,6.111045281763578,9.504332762881166,0.7677912665084583,9.504332762881166,554328395.2079931,712652557.5838045,83048977.5379071
318,2006-02-06,1.55494,0.5285714285714286,-4.714285714285714,5.628571428571427,,2.1,1018.4142857142858,0.0,-3.607192769262654,9.258283612009492,5.285471610663318,8.271914729010085,3.3119177769549335,8.271914729010085,775713468.2076677,842965464.9081908,116942859.44313787
319,2006-02-13,1.55502,2.1714285714285713,-0.2857142857142857,4.5285714285714285,104.0,2.4,1010.5857142857143,1.2079513961242456,-3.063332163072578,7.330891680736102,0.6946481775982987,5.387033847490397,6.026728164890454,5.387033847490397,810486228.4975637,710243398.7939829,43139966.85720439
320,2006-02-20,1.55954,2.16,-1.6,5.72,105.66666666666667,4.279999999999999,1008.4,0.0,-0.05697849909825495,6.223850757279221,7.767605310207362,8.945395112827832,10.96217743072185,8.945395112827832,646167281.8875505,669069042.3493541,100405656.8612194
321,2006-02-27,1.56034,3.633333333333333,0.28333333333333344,7.550000000000001,90.0,8.766666666666667,1010.7166666666667,5.164666383412834,1.1370380251183052,9.883952904103023,8.019044806550596,9.020971862864043,3.7906731879838507,9.020971862864043,734672023.2694811,932276707.4643257,45410563.783928804
322,2006-03-06,1.56312,5.4,-0.0571428571428572,11.571428571428571,124.2,9.799999999999999,1013.0999999999998,2.323267507364276,0.48394317716784396,7.633039554365725,2.719358406149815,5.099063490376899,4.860545748175419,5.099063490376899,628332722.4510424,792737718.8330256,76426021.72346169
323,2006-03-13,1.5639800000000001,7.371428571428572,2.3428571428571425,12.028571428571427,194.5,5.357142857142857,1011.8285714285714,0.0,-2.836557065787686,5.856373003444947,6.550778813157103,8.089012146171237,6.446051182639843,8.089012146171237,729339565.4751464,798405767.2963077,60098283.35441961
324,2006-03-20,1.569,10.125,5.75,14.55,296.0,6.5,1012.6999999999999,3.0958132737469546,-2.0192442991646087,9.908800235957022,8.049336407657409,9.149496065785781,8.943896365679969,9.149496065785781,713987591.1920619,635443122.991194,73425259.56119306
325,2006-03-27,1.5748000000000002,11.171428571428569,5.128571428571428,17.11428571428571,186.0,7.028571428571429,1013.342857142857,12.018144026586292,1.6314172464729648,7.523380684754048,10.575589822700032,6.5158353337597905,8.227593717641804,6.5158353337597905,622609973.5606078,575035750.7090383,100876398.41478243
326,2006-04-03,1.57612,9.885714285714286,4.142857142857143,14.585714285714285,135.6,8.971428571428572,1012.4857142857143,7.438491446553428,0.9279818240844538,8.765913388997989,7.984146781788856,12.587768531759231,11.390119199740113,12.587768531759231,497450888.69867015,647134382.2846462,75804734.11568087
327,2006-04-10,1.57802,13.528571428571428,6.857142857142856,19.77142857142857,267.6666666666667,6.228571428571429,1013.5714285714284,4.6079192977696835,-1.4970668681817922,7.99864659344807,12.47201386200744,9.216307459672214,8.51873276083481,9.216307459672214,368958670.12119585,554989765.79813,89039024.4107937
328,2006-04-17,1.5735999999999999,15.457142857142859,9.157142857142857,21.342857142857145,172.0,5.014285714285714,1016.2142857142857,4.72033036826733,2.0957337577075448,7.788467637405997,12.43942021440679,4.988876678698571,10.598714477211399,4.988876678698571,575285982.7654656,640832463.9282544,104340581.80942546
329,2006-04-24,1.57046,14.87142857142857,9.371428571428572,20.199999999999996,208.0,8.299999999999999,1013.2428571428572,24.075412558246992,0.5337542151456338,5.640209750547156,11.195307102338946,7.406957498433064,10.82944743833136,7.406957498433064,375636432.9552258,503708930.3129474,61281778.90121876
330,2006-05-01,1.5758999999999999,14.600000000000003,10.514285714285714,19.342857142857145,237.0,5.028571428571428,1016.7571428571428,37.87986187275059,1.0550303027698449,7.142336514061212,11.98075256575943,9.846740030404721,11.377675421690213,9.846740030404721,359115891.554764,611800649.4163699,62229119.32352577
331,2006-05-08,1.56114,17.4,11.200000000000001,23.442857142857143,212.66666666666666,5.2142857142857135,1019.2666666666665,6.680259380772607,9.02968494607715,8.960815518255766,12.828329701572525,7.089550034429949,10.321315773882922,7.089550034429949,455154818.89934856,625731722.5317618,119384358.61819392
332,2006-05-15,1.5554000000000001,17.8,13.471428571428572,22.314285714285713,127.5,8.057142857142857,1013.0,1.0396849397210133,5.828926342269576,9.677741970707109,15.546970933531997,6.202979893050344,12.62947125668708,6.202979893050344,355550391.38992923,693047363.7053659,88561147.53963932
333,2006-05-22,1.55212,17.457142857142856,10.571428571428571,23.314285714285717,171.0,7.642857142857144,1013.5142857142857,0.0,5.869876355156206,7.660796739297257,18.178722251781842,8.97184421283831,14.953114446092592,8.97184421283831,339151283.4263067,644565145.9437367,82630024.3905049
334,2006-05-29,1.5558,17.82857142857143,11.414285714285715,23.214285714285715,123.66666666666667,10.514285714285714,1018.4666666666666,11.93160495833786,8.977543945910949,9.764599627229359,14.923247748008862,9.009058801199755,15.504254910469237,9.009058801199755,351337680.4757058,543689346.0928677,101984403.12965973
335,2006-06-05,1.56078,20.857142857142858,14.457142857142856,26.557142857142853,243.0,7.528571428571428,1020.2199999999999,8.35515213211428,6.2889571673235745,9.138073530879717,16.452893187517947,6.536378491786561,19.316214840505,6.536378491786561,292157197.1668172,660945454.9498397,125809869.20908467
336,2006-06-12,1.55894,22.25714285714286,15.614285714285716,28.614285714285717,270.0,4.928571428571429,1016.9285714285714,12.468774006228578,5.407397429227981,8.235259513937732,16.63513803189855,6.397312760185169,19.523990700802983,6.397312760185169,415546364.3909526,638035185.6117718,97703919.1814845
337,2006-06-19,1.55376,23.485714285714284,18.228571428571428,29.800000000000004,151.2,6.142857142857143,1014.9714285714286,0.0,6.855885374798589,8.79872619087984,20.384402046548185,7.100624444333726,22.13342920072136,7.100624444333726,471507702.7834055,722649457.5157682,85101670.67177139
338,2006-06-26,1.5624600000000002,23.557142857142857,18.442857142857143,28.21428571428572,198.75,6.171428571428572,1017.3714285714287,6.085667025772441,10.883500361459191,4.402957027142919,17.765286058693434,9.00411008643731,21.091560123351595,9.00411008643731,277337235.31567764,656628987.6133151,108321184.68279104
339,2006-07-03,1.5657999999999999,22.5,17.185714285714287,28.88571428571428,224.0,4.614285714285714,1018.8857142857144,2.844500356951248,13.031315598287275,4.592781048836208,21.696560555497758,6.987674814562565,23.009549488041632,6.987674814562565,456934402.0658295,883997040.5637116,134046046.0486626
340,2006-07-10,1.56802,24.060000000000002,19.32,29.72,172.0,5.880000000000001,1020.4200000000001,0.0,10.833220471007495,6.048205895451518,20.090581928027795,8.082830084522813,23.16289040700051,8.082830084522813,295725484.55170804,1067823736.6658769,119429259.18732345
341,2006-07-17,1.56356,24.900000000000002,18.242857142857144,32.18571428571429,112.75,5.957142857142856,1016.4285714285714,4.659247557577362,12.95107013105909,6.255874101722668,18.94678788871383,5.319179465917777,20.270950792961305,5.319179465917777,202816646.22090125,775797961.5128496,75357723.05003533
342,2006-07-24,1.56988,22.67142857142857,17.128571428571426,28.857142857142858,134.85714285714286,7.014285714285713,1009.0428571428572,5.42613134426173,15.173258108439741,6.100184576872521,19.424034170367904,5.6900941491990515,21.684127707620082,5.6900941491990515,316794265.85939485,921895940.7181423,111502277.62022223
343,2006-07-31,1.57348,21.37142857142857,13.87142857142857,27.5,68.5,7.700000000000001,1009.2166666666667,18.213795870054465,12.294289436486416,7.009947329634145,23.17623973943681,6.729111961094075,23.83406371411554,6.729111961094075,321029863.68602496,789909584.3270234,74495698.08029008
344,2006-08-07,1.5738400000000001,17.128571428571426,12.200000000000001,21.5,108.75,4.214285714285714,1009.5428571428572,26.86162120052558,10.41061101806629,7.657597624417824,24.54031643199652,6.335773128802668,20.763402210157093,6.335773128802668,219615082.80781406,799829676.5357285,58406959.886189006
345,2006-08-14,1.5773,19.75714285714286,15.1,25.428571428571427,149.2,4.357142857142857,1015.6666666666669,0.0,16.38934189415123,4.828208228043175,19.183845935558267,6.787980363514938,22.33423857660506,6.787980363514938,438744818.7482192,776309984.6433921,103797986.52802387
346,2006-08-21,1.57972,,,,,,,3.1192987374253303,10.031318387021226,4.739121013558531,22.739670938329333,7.900411976605259,19.097596031503645,7.900411976605259,228221059.1498778,487399546.9884076,71639366.9504681
347,2006-08-28,1.5798999999999999,19.166666666666668,12.566666666666668,26.399999999999995,,3.9333333333333336,1017.7,21.27995978962722,15.34319248157483,8.472691886549061,19.406408621263985,5.095388396517037,21.062062562122478,5.095388396517037,335938215.5937335,660541086.8692262,55954632.398432106
348,2006-09-04,1.57792,19.349999999999998,15.350000000000001,24.7,107.0,4.433333333333334,1021.8799999999999,10.885126363617339,9.45335458187174,6.654783705914814,17.888693693070437,5.222032906411765,16.34406086006501,5.222032906411765,342879965.4820537,546049735.6661016,67876623.27051297
349,2006-09-11,1.58168,16.7,12.3,21.5,,3.7,,8.906194887338957,11.476940353908134,5.586727259915515,16.43408218456364,6.526668977834507,16.158320139254787,6.526668977834507,560867393.2188343,623751027.5553148,49586065.35979379
350,2006-09-18,1.58796,16.97142857142857,13.457142857142857,21.357142857142858,259.0,3.242857142857143,1013.9999999999999,5.979910922389045,9.98587288753769,5.114122454329365,16.441326983912344,4.223074766082585,15.44796197894419,4.223074766082585,392025745.06569433,572616564.7634046,92018443.65106979
351,2006-09-25,1.58552,17.014285714285716,13.728571428571428,20.942857142857143,225.0,4.614285714285714,1013.7571428571429,0.0,10.464823949776314,6.395999015383546,10.84684430988743,6.3707118646897385,13.9396115273471,6.3707118646897385,443802215.34977996,657020096.6695733,91541584.7536705
352,2006-10-02,1.58264,12.000000000000002,6.44,19.44,,2.44,1020.5,3.3085090336498895,8.08361099843197,7.7569629419243515,15.245920552907531,4.690957599933528,11.160936830236594,4.690957599933528,580991753.0078684,824717490.8109419,69058931.32821186
353,2006-10-09,1.58788,12.299999999999999,8.342857142857142,16.885714285714286,252.0,2.928571428571428,1021.7857142857143,21.004157625048588,10.102290596582574,7.01557622594583,13.650854675187984,5.376079937421336,12.228246397030956,5.376079937421336,491077954.41563463,758368230.8169154,75215166.56572013
354,2006-10-16,1.59246,13.014285714285714,10.499999999999998,16.5,195.5,2.4857142857142853,1013.2857142857143,0.18122946199196655,7.945511888450138,5.930990716396025,12.943286747054572,2.6628768848567215,10.174638895013429,2.6628768848567215,603992535.2058692,791199172.2412906,73943636.47791576
355,2006-10-23,1.5892,12.728571428571428,6.814285714285715,18.871428571428574,87.0,6.385714285714286,1018.9714285714284,2.9194422336111234,3.728624786622298,6.660750172828413,14.844559119710862,5.82787256148264,15.308325208163575,5.82787256148264,645619216.5804213,685614459.7599454,69851927.97410703
356,2006-10-30,1.5910199999999999,4.614285714285714,-1.4571428571428573,12.742857142857144,95.0,3.885714285714286,1027.4857142857143,28.00161482497921,5.592741563889155,5.350690921057729,12.137804798285092,6.266066184790597,10.026648421978013,6.266066184790597,496582240.0268924,597076187.5221918,86670782.31588799
357,2006-11-06,1.5911,9.016666666666667,4.466666666666666,13.600000000000001,169.0,3.066666666666667,1022.7,22.03159891630544,2.1818244655204113,6.275282767801768,8.577971848737798,5.960167542911173,4.671804770530959,5.960167542911173,639329273.6438826,574641673.6593558,80972250.63269669
358,2006-11-13,1.59504,7.828571428571429,4.385714285714285,11.514285714285714,90.0,3.5285714285714285,1013.5,0.0,6.675186869265833,4.0537566716900555,9.240867803185836,5.461705206887732,7.964423332342103,5.461705206887732,443904705.41999453,698338193.8673534,78768143.92160064
359,2006-11-20,1.59718,6.883333333333333,3.75,10.183333333333334,94.5,2.6333333333333333,1025.6666666666667,8.28074104942791,2.610416137055142,3.980112875237756,4.926668248430476,8.825458796934058,2.8830013714784966,8.825458796934058,750451312.5272048,746354109.0193756,94479905.55531576
360,2006-11-27,1.58682,5.728571428571428,2.5714285714285716,8.942857142857143,211.0,2.8714285714285714,1021.8,14.489212523315748,1.5914045642597217,7.368021153981984,6.091599076985249,3.7818818082050285,3.5602210490096073,3.7818818082050285,680183677.9232572,699672849.4774845,108538522.25576895
361,2006-12-04,1.58974,3.3142857142857154,6.344131569286608e-17,8.52857142857143,134.0,3.5142857142857147,1024.4,0.0,-7.6401206980819545,6.5792659932816315,0.7000637446145577,7.177929378427432,4.29540826115595,7.177929378427432,662329106.0107358,603457748.1780646,97918183.618695
362,2006-12-11,1.5891,2.5714285714285716,-0.857142857142857,7.5,,2.9285714285714284,1030.6666666666665,12.050994308107612,-1.529948605059467,5.900051486500887,3.0551601223578304,7.626266047407379,3.7326111892161595,7.626266047407379,569453639.6282327,674056863.085892,107355938.65969074
363,2006-12-18,1.59672,-1.6428571428571428,-5.214285714285714,5.385714285714285,,1.8142857142857145,1035.7400000000002,15.892224917161748,-5.854188728969484,7.738018923848775,4.731771278224418,3.3295183046418355,2.8782436703182235,3.3295183046418355,726807134.9301499,730235089.1891867,95129577.33581066
364,2006-12-25,1.6031,1.6333333333333335,-2.1666666666666665,7.8999999999999995,299.0,3.3166666666666664,1028.5,0.0,1.8195404491270506,6.043556902311708,6.572298906704859,8.697737083240334,4.851746147768165,8.697737083240334,558875752.856,628698063.7238696,107353269.70335764
365,2007-01-01,1.6061666666666667,2.7571428571428567,-1.042857142857143,8.1,,2.085714285714286,1025.3428571428572,0.8641975317361472,-0.8371555189440676,5.1049332362524495,5.316297291543556,11.865957014080228,4.061280017842876,11.865957014080228,695962853.8658092,615744290.2122467,74488362.3493278
366,2007-01-08,1.61124,3.157142857142857,-1.342857142857143,10.242857142857144,78.0,3.1857142857142855,1028.0500000000002,1.3173502091128353,-1.7786756507870671,11.403713816338774,1.5666528456609372,1.096817660243433,0.9287079661802005,1.096817660243433,775353116.8323386,709431114.8945851,62970429.03499851
367,2007-01-15,1.6129200000000001,5.457142857142857,1.4857142857142855,10.185714285714285,96.5,7.214285714285714,1010.7857142857143,4.833909625215628,-2.71043056357938,11.042020461233262,3.7504430612442112,5.273342479379918,4.14738081880938,5.273342479379918,773533741.8604891,830758809.7596648,67488843.76467535
368,2007-01-22,1.61652,2.642857142857143,-2.7142857142857144,9.3,75.33333333333333,6.1,1022.2571428571429,0.5700602125546798,-3.5549382627411115,9.13768182869594,6.8914942021931145,7.490947673517661,0.7415407295440791,7.490947673517661,747010850.3637843,785549856.5676491,90364148.92763074
369,2007-01-29,1.61832,4.814285714285715,-0.07142857142857155,10.428571428571429,172.0,4.957142857142857,1016.9142857142857,3.551203768050208,-1.4985723173049235,7.806006577367841,3.031582607532482,7.359088860693107,6.28084304016315,7.359088860693107,821064187.9208333,690574494.5509188,114941276.0517159
370,2007-02-05,1.6194,5.457142857142857,-0.32857142857142857,12.057142857142859,140.0,4.014285714285714,1010.4714285714286,3.913541778358453,-4.192890477165064,7.32549040956753,3.742592792712227,7.694182849873396,4.570525496389056,7.694182849873396,834260694.269061,580387561.3617215,100652390.5464238
371,2007-02-12,1.6186,5.728571428571429,-0.0571428571428572,11.671428571428574,167.0,4.257142857142858,1018.3285714285714,0.05583320731828256,-5.112995800759396,9.497594849240423,4.953200879591158,6.954745200413476,2.1274273082643393,6.954745200413476,721165816.6110274,757272724.3891845,86974412.44851135
372,2007-02-19,1.6239000000000001,6.842857142857143,1.5999999999999999,12.242857142857144,152.0,4.114285714285715,1010.8000000000002,3.138284090884904,2.6233211393126097,8.324509244150729,7.092405995393115,4.623333261593082,6.150190785009197,4.623333261593082,714924601.9460094,780520491.6084397,100584076.4652358
373,2007-02-26,1.6253800000000003,10.816666666666668,6.349999999999999,16.483333333333334,121.0,6.749999999999999,1014.55,0.0,2.966391627599807,10.125151574079453,3.8312444344421426,10.48962198593531,7.456775056637948,10.48962198593531,817045033.6105353,765588120.1873466,79963847.4463037
374,2007-03-05,1.61052,9.642857142857142,1.7000000000000004,17.228571428571428,73.5,6.914285714285714,1026.5285714285715,3.366859608430828,-3.425645376540919,8.456355175701237,6.386645357496137,7.649011678821991,5.011172864423083,7.649011678821991,754506109.1252632,875627031.8191319,86627919.73305568
375,2007-03-12,1.6085999999999998,9.985714285714286,4.671428571428572,14.77142857142857,114.75,11.700000000000001,1007.36,0.0,-5.099173851993472,5.575245487070424,6.820586470154307,7.869341173189115,8.485228248391376,7.869341173189115,764686753.0209235,812810876.8542373,56278975.48861784
376,2007-03-19,1.60838,9.028571428571428,4.671428571428571,13.4,181.2,6.542857142857144,1013.0428571428571,0.0,0.3520932065061053,7.149365028348341,7.797221979539923,6.2205046106325455,9.664748327377989,6.2205046106325455,696854403.8084536,640226595.8951825,81786854.22502905
377,2007-03-26,1.61676,10.428571428571429,5.957142857142856,15.271428571428572,227.5,4.442857142857142,1015.8285714285715,2.0750018084879236,1.200117147776146,6.456450077771852,5.680279593621848,11.864989092168688,11.247509259199308,11.864989092168688,649333486.4698321,712878158.7603256,84730586.02643192
378,2007-04-02,1.6212600000000001,14.242857142857146,5.985714285714286,21.985714285714288,248.5,5.671428571428572,1019.1166666666668,2.8382858485052376,-0.5793481776636015,10.490180132756166,7.674822103651369,11.794365688249258,6.550646034251498,11.794365688249258,498408111.7025322,715480150.292937,48766287.188182786
379,2007-04-09,1.6292,17.128571428571426,8.657142857142858,23.842857142857145,229.25,6.557142857142857,1018.2571428571429,0.0,-1.5629595782196615,7.941331259226519,7.119511365273142,9.886015128599317,11.53010785583905,9.886015128599317,436875320.46460414,724192560.0663977,86108922.38622542
380,2007-04-16,1.6387800000000001,18.3,11.6,23.91428571428571,231.0,6.385714285714286,1018.0,5.652650706656408,1.6368104905657401,10.307521923774667,11.67222862803493,7.880060736720931,9.037440727293022,7.880060736720931,477334586.1458622,843612669.1816336,92738025.81664753
381,2007-04-23,1.63906,15.25,11.616666666666665,20.133333333333333,173.0,6.1499999999999995,1012.86,0.733176577387507,-0.38286845448724005,5.806883532152535,11.222396529595482,7.765086248081343,10.64571436194849,7.765086248081343,315870747.47387594,585985527.6767937,94867944.28884701
382,2007-04-30,1.6424800000000002,16.642857142857142,10.271428571428572,22.942857142857147,227.33333333333334,4.471428571428571,1011.6999999999999,26.90068241137947,1.6001639053385275,4.8683456569123695,12.476100804261836,5.604282011800409,11.537241876214624,5.604282011800409,294949830.94152784,521580997.65097624,19806010.722160414
383,2007-05-07,1.648675,16.7,11.714285714285714,22.199999999999996,133.5,6.228571428571429,1012.1714285714286,10.256586848260309,3.7767385021357347,7.7286539719169935,13.7535628872375,10.625225216195906,13.905538256988015,10.625225216195906,210910223.3835929,619907820.49325,46878032.71268277
384,2007-05-14,1.64804,20.771428571428572,13.299999999999999,27.685714285714287,234.75,7.257142857142857,1014.0571428571429,0.0,6.709472931692336,7.296328419025871,19.372270817344443,15.578262442913104,16.107611384649793,15.578262442913104,257039367.96560526,658938940.7061476,116080132.06522842
385,2007-05-21,1.65406,16.128571428571426,12.51428571428571,19.97142857142857,194.0,5.742857142857142,1006.4428571428572,6.092173996735281,3.7009791459798054,8.016537392962993,16.38038371947212,5.857610604514301,16.11742043153165,5.857610604514301,150437324.7007874,718489007.47775,98201027.1491406
386,2007-05-28,1.6526,17.6,14.114285714285716,22.285714285714285,214.66666666666666,5.371428571428572,1014.6571428571427,8.644200140177631,6.197752324050189,7.665001142966555,17.111209811443732,7.390130338868518,19.014212871984043,7.390130338868518,327153669.16885626,761352588.761845,80882268.57660031
387,2007-06-04,1.6493200000000001,20.885714285714283,16.714285714285715,25.728571428571428,143.33333333333334,6.271428571428571,1012.8142857142857,2.4338654745306725,7.267475118306551,6.439339632206042,18.628120356002263,7.324413622956512,19.070163814405944,7.324413622956512,236147287.47228003,757164474.8742994,77619458.23915231
388,2007-06-11,1.6484200000000002,20.457142857142856,15.700000000000001,25.342857142857145,211.4,5.9,1011.9285714285714,3.370274759209272,10.703341216189331,6.253554779368191,19.902937030037783,6.855406713972935,16.82711107456091,6.855406713972935,251097163.45301944,679084951.8434975,80283823.63465522
389,2007-06-18,1.65666,20.05,15.25,24.933333333333334,76.25,6.133333333333333,1009.2833333333334,13.926056635020235,6.098578172806764,6.679492626198907,15.20697623642616,7.273849845983346,17.817673593851765,7.273849845983346,398262548.87900376,858136517.581198,98730856.06217444
390,2007-06-25,1.6591799999999999,19.214285714285715,14.071428571428571,24.557142857142857,61.333333333333336,5.042857142857144,1012.0571428571429,6.349738769488827,8.718449041428414,7.795664181744943,19.22593121305326,8.0501798912686,22.110475572077597,8.0501798912686,215982186.0164774,749922550.2125152,93699189.08720715
391,2007-07-02,1.6530799999999999,19.17142857142857,12.642857142857144,25.02857142857143,204.33333333333334,5.957142857142857,1013.6285714285715,3.252999533143921,14.766015775390535,5.251853467959878,17.345776746325313,7.613090872002599,15.331640807225803,7.613090872002599,271321367.277946,632119500.3797319,92129361.0164187
392,2007-07-09,1.6566400000000001,22.785714285714285,15.200000000000001,30.542857142857144,,4.5285714285714285,1018.5285714285714,0.0,13.16286492833387,7.098062260743608,22.392573194449426,8.996441780531725,21.396828416908832,8.996441780531725,224978468.41409847,830066605.9636351,87982840.47773674
393,2007-07-16,1.65594,22.699999999999996,16.2,29.37142857142857,166.25,5.771428571428572,1011.0428571428571,2.307822916778645,14.17059315332975,7.285296450362015,17.64991379698816,7.994863609376837,21.186879301461403,7.994863609376837,331910440.20729095,904028895.8683709,94142568.48082592
394,2007-07-23,1.65928,21.971428571428568,14.92857142857143,28.414285714285715,157.25,6.685714285714285,1013.3714285714286,9.828052337672407,12.000543992989352,6.702138892802907,22.011213293899388,7.4832529304390984,21.236909818687895,7.4832529304390984,152756072.6695338,911968918.847045,73555130.82404296
395,2007-07-30,1.65748,20.642857142857142,14.871428571428572,26.671428571428574,143.8,5.985714285714286,1013.1,3.126296945242448,13.073662458903419,7.552686071319085,21.949674994721775,6.114884063512431,18.632429485263998,6.114884063512431,178863680.4542669,860393408.7506825,116308650.01310948
396,2007-08-06,1.64666,21.12857142857143,15.885714285714286,26.74285714285714,291.6666666666667,4.985714285714286,1010.6428571428572,14.167483618069383,17.157746261843304,7.457312605151161,21.767386178567012,8.701856486389364,21.194306590480043,8.701856486389364,276088002.46940583,785662322.4738244,78837580.29265206
397,2007-08-13,1.6404800000000002,17.271428571428572,14.857142857142858,21.214285714285715,87.6,5.799999999999999,1011.8285714285713,8.00909952600464,15.259790957489047,6.106879372101975,19.10286700860207,6.270651927660179,18.754156925252836,6.270651927660179,189003856.55988705,658266196.7634114,53307105.78064947
398,2007-08-20,1.6327000000000003,19.96,14.12,26.72,92.0,3.8200000000000003,1020.1199999999999,14.869232077564511,15.226205445440094,5.0963480179085625,20.52349160977787,8.19054500775559,20.006352053467356,8.19054500775559,369607327.7996454,580791038.0128648,70595001.50495203
399,2007-08-27,1.63478,18.085714285714285,11.342857142857143,24.12857142857143,129.0,8.514285714285714,1015.4,7.673174690038197,14.20868548659861,5.485394508958835,18.97564975757807,7.4917030483612965,17.254493193008845,7.4917030483612965,433927013.0685539,744991671.4463462,100706441.30203024
400,2007-09-03,1.64136,17.885714285714283,9.828571428571427,25.085714285714285,61.0,7.928571428571429,1016.6571428571427,5.00889597686804,10.726931321096266,6.976197414607797,16.80942068295022,6.460033335290615,17.595956022855404,6.460033335290615,556604245.7614417,686859556.4107593,86259879.16547358
401,2007-09-10,1.64338,17.12857142857143,12.328571428571431,22.74285714285714,333.0,5.814285714285715,1018.7714285714286,25.38639413659601,12.406009200317106,5.0911222797834546,18.061470408933005,5.261838133553538,17.159857218693908,5.261838133553538,382715938.45753247,807005746.3576802,120233738.32976684
402,2007-09-17,1.6431799999999999,13.342857142857142,8.971428571428572,18.28571428571429,89.33333333333333,4.285714285714286,1017.6285714285714,0.0,7.4643403860299635,6.209690479964639,15.980286599267389,5.404843136112261,16.843881692445716,5.404843136112261,444734963.3262544,819332029.0843363,97228491.30541185
403,2007-09-24,1.6497999999999997,13.828571428571431,9.471428571428572,19.442857142857147,,2.7142857142857144,1020.5285714285714,1.5438363525646548,5.528275654675069,5.256792629627393,14.381739484154576,5.559195606203091,14.03594365456229,5.559195606203091,612159377.7971923,518280813.7523235,106457386.89807338
404,2007-10-01,1.65592,15.299999999999999,10.971428571428572,20.45714285714286,156.5,4.628571428571428,1019.5285714285714,0.0,9.086330281348538,5.699661989331447,11.538494562860938,8.349830950742982,14.990812528790448,8.349830950742982,401397365.55180484,701176038.9568591,95372621.68277012
405,2007-10-08,1.6641400000000002,12.471428571428572,7.014285714285714,18.74285714285714,71.0,4.514285714285714,1022.4857142857143,14.30877686211354,9.418106976782077,8.08507667265426,12.073797447382322,6.135708283065804,14.263650497045985,6.135708283065804,543663172.6886097,863951011.3528154,97387184.01162957
406,2007-10-15,1.6743400000000002,9.671428571428574,4.285714285714286,14.885714285714286,86.25,10.057142857142859,1018.342857142857,8.499752247226999,9.742242756191304,6.147047792971486,10.400934444839338,5.456486634229163,15.812821970747553,5.456486634229163,537003639.5107523,615065553.4801697,91509072.69935125
407,2007-10-22,1.67162,10.514285714285714,7.0,14.742857142857144,,3.0,1020.9714285714288,11.815435733770489,2.635729842955751,6.934011150509498,11.376494794516788,5.482342597064959,10.119044696700607,5.482342597064959,488716756.63498724,598511300.885851,72355119.67572303
408,2007-10-29,1.67244,7.771428571428572,1.9571428571428573,15.414285714285715,,3.7285714285714286,1022.4142857142858,15.081789578787694,6.281013918172144,4.500119065801148,12.685871030152946,3.611511379730019,7.251674215818987,3.611511379730019,525128774.87382567,633164046.7509458,132736384.6804622
409,2007-11-05,1.6733,7.828571428571428,2.3428571428571425,13.200000000000001,105.16666666666667,10.342857142857143,1011.7285714285715,14.76644092345624,2.7302864390494452,6.962758025287378,9.57514405679726,5.156733828841608,5.577107879924448,5.156733828841608,524860232.7639127,682587958.9532663,61107451.86110477
410,2007-11-12,1.6546800000000002,1.4142857142857144,-2.2142857142857144,6.2,103.0,3.771428571428572,1020.4142857142857,8.292928477439554,-0.06646227451770237,5.403633411188061,8.955349882663734,4.282661960707652,9.794017061647487,4.282661960707652,613299180.7518287,800800640.0858947,104876696.99067499
411,2007-11-19,1.6425,5.742857142857143,1.6714285714285715,9.799999999999999,82.5,5.785714285714286,1019.2571428571429,0.0,3.241946733882669,5.227104426892423,7.022261410839736,6.703063285381242,4.541643972250992,6.703063285381242,691116700.284931,595347460.025001,114844994.68134758
412,2007-11-26,1.6366599999999998,4.0,-0.4428571428571428,9.371428571428572,91.0,3.857142857142857,1016.657142857143,8.922591282027401,-1.103889842155347,6.3497170124783295,6.5720666635939216,3.286751523068424,5.294841004116439,3.286751523068424,711741699.1605381,711449327.28757,116320358.4284547
413,2007-12-03,1.6480599999999999,5.057142857142857,-0.6714285714285715,10.857142857142858,93.83333333333333,6.1000000000000005,1014.2,2.995416663592888,-8.154426784593669,5.334031752844337,3.1940361416769405,5.148275856615562,3.101032348385012,5.148275856615562,590907260.358646,796664770.008974,108604320.94129908
414,2007-12-10,1.65096,-1.457142857142857,-4.871428571428572,3.8857142857142852,,2.457142857142857,1032.6285714285716,2.540289073395532,-1.8864241446224423,8.858981572713798,2.675180650552187,5.390423429584302,3.2272984948607943,5.390423429584302,604836699.933933,611181931.6196189,90309951.63085553
415,2007-12-17,1.6648800000000001,-0.07142857142857141,-4.042857142857143,5.457142857142857,,1.8428571428571427,1031.0142857142855,6.816337648468902,-0.4442864317459345,8.59974443327004,0.1339665784885069,5.323805871443119,2.6491762501374736,5.323805871443119,605702601.3502326,753797271.9151782,109292506.34732285
416,2007-12-24,1.6609200000000002,0.7142857142857142,-2.0285714285714285,4.314285714285715,115.5,2.371428571428571,1024.742857142857,0.6466788394463056,-1.2498535452375052,6.0698024171772,6.581380745861217,6.800591682655276,4.765248100810179,6.800591682655276,522544225.46900254,619279060.2908531,125954272.10127863
417,2007-12-31,1.6611,2.1285714285714286,0.3857142857142858,4.385714285714286,72.0,2.314285714285714,1018.0142857142857,0.0,,,,,,,746742500.8589615,561222596.2066594,43377163.74025653
418,2008-01-07,1.643825,2.128571428571429,-2.6000000000000005,8.128571428571428,114.0,3.9285714285714293,1027.542857142857,0.6261845525050321,-3.472002176996013,8.028506953823188,6.562729223964849,10.55647118164143,8.756068607293928,10.55647118164143,887292381.1515613,698774109.5038766,66368835.046068005
419,2008-01-14,1.6332200000000001,5.500000000000001,-0.057142857142857065,12.85714285714286,93.5,3.157142857142857,1029.5142857142857,14.10658507206336,-1.6059715459917554,11.170271015603303,0.8692525191630067,6.312131298604159,3.1707286197912827,6.312131298604159,718735776.0633179,826212367.7032707,108263695.16029687
420,2008-01-21,1.61278,4.614285714285714,1.0857142857142856,8.357142857142856,180.33333333333334,4.742857142857143,1022.6,0.2913750835807898,-2.3824555184942056,10.737915913810781,2.717952433547811,6.5352082406744865,5.073893208403817,6.5352082406744865,772014176.6930625,694054952.6819046,117347414.92967328
421,2008-01-28,1.6015599999999999,2.2166666666666663,-2.85,9.466666666666667,,2.45,1035.0833333333333,24.19987881490576,-5.3657129348001495,10.932304113767483,0.9976126774413323,12.832298869624502,2.0805605564023026,12.832298869624502,720015959.1391892,855285806.1037076,85796795.97870472
422,2008-02-04,1.6112600000000001,3.0142857142857147,-2.4,8.585714285714285,230.0,4.4,1032.4285714285713,4.963742426551262,-0.15436160656605358,9.49380701743695,6.831629199982262,8.943169064209956,7.239683063305452,8.943169064209956,573990712.5896391,769572552.2571398,96360766.6825419
423,2008-02-11,1.60484,6.771428571428571,1.5142857142857145,12.557142857142859,,3.4142857142857146,1026.1571428571428,1.5438661699067757,-0.8726589503746909,8.40769977044423,8.029414873919453,6.72770697189217,3.427573633478162,6.72770697189217,693767618.5645313,707742469.0121843,74090624.79476137
424,2008-02-18,1.6077400000000002,10.028571428571427,3.7857142857142856,16.12857142857143,124.0,9.87142857142857,1013.4571428571429,1.1038997458289692,-2.6278967962506217,8.545001888199305,2.5734247754477426,7.239450859785137,4.939344754237947,7.239450859785137,841621851.0589243,681526224.2997336,89968810.03398606
425,2008-02-25,1.61354,7.871428571428571,2.0571428571428574,12.9,159.66666666666666,5.671428571428572,1009.0714285714286,1.150267014268918,-0.9546035012332867,8.52887403364456,7.324823452200733,8.832333757851197,8.023768484156237,8.832333757851197,751819189.3883867,882539046.0527903,88133589.10765308
426,2008-03-03,1.5989200000000001,9.614285714285714,2.6857142857142864,15.514285714285714,130.8,10.057142857142859,1009.5857142857145,1.9121831791067099,-1.808908661858088,7.580347516170937,7.3712892132710515,7.527510920661394,5.944331761828397,7.527510920661394,730421518.6349337,779527994.1526135,67392441.07379954
427,2008-03-10,1.57658,6.571428571428571,0.9285714285714286,11.857142857142858,124.0,9.157142857142857,996.7571428571429,2.7737106901693402,0.47193050354609345,9.869946007291887,1.384572187668768,8.718342793666007,7.598961245963194,8.718342793666007,625417464.7317185,717012159.3719633,80153349.60124402
428,2008-03-17,1.57188,11.35,3.9666666666666663,17.849999999999998,119.5,5.3500000000000005,1016.8000000000001,1.789551708610455,-0.552935122196327,8.63078315331451,4.788166118126643,12.016489892293224,6.659773299062016,12.016489892293224,743360878.2831128,731509565.4749354,68141087.87780008
429,2008-03-24,1.5634666666666668,9.714285714285714,5.028571428571429,13.628571428571428,147.6,8.157142857142857,1006.5285714285716,10.333561591073252,-1.3518621760982898,7.933818131156477,7.123075540922258,7.313322415974635,4.154253194714831,7.313322415974635,705220551.432364,715141937.7342243,64950278.271785945
430,2008-03-31,1.57146,10.0,5.6000000000000005,14.028571428571428,111.8,7.6,1010.8142857142856,3.4099316876840433,2.6721166438436823,6.5185610237831435,8.581789163127164,8.285171696379981,14.81307293992808,8.285171696379981,607315638.6339213,713335340.0249157,57070239.20958495
431,2008-04-07,1.5836999999999999,11.785714285714286,7.085714285714286,16.285714285714285,183.0,6.1000000000000005,1007.2428571428571,2.1228170008359153,-3.0952494297152358,8.125173255575241,8.222627112943826,6.76449820026156,7.754705309408828,6.76449820026156,399696617.26289105,654069716.0522097,104200424.48155484
432,2008-04-14,1.58338,13.814285714285715,8.242857142857144,19.099999999999998,292.0,7.1571428571428575,1016.2285714285714,19.68974007550429,0.07670416652412904,7.802076082132545,7.674162789866423,10.39611909434686,12.419533530227183,10.39611909434686,475973422.64524007,726509692.9774289,100429075.9520278
433,2008-04-21,1.59804,16.619999999999997,9.440000000000001,22.880000000000003,,7.0,1019.14,19.02331246399372,-0.25851544452354225,8.71311282053073,8.816666883040185,8.889859000362272,10.499741006020557,8.889859000362272,479878717.03156304,724568431.9591817,90371970.03220117
434,2008-04-28,1.6129799999999999,16.314285714285713,10.471428571428572,22.585714285714285,204.0,5.728571428571429,1015.7428571428571,0.0,2.9487078432406966,4.552231600118903,11.603157817420962,7.987051418184346,13.254854094419894,7.987051418184346,426952876.3223219,639864526.1048467,107356168.91410361
435,2008-05-05,1.621075,14.319999999999999,12.059999999999999,17.119999999999997,70.5,4.66,1008.5599999999998,7.532350282319523,2.759635169698074,6.404351622596527,11.297437301948218,10.32312397274276,15.05875720386872,10.32312397274276,457269126.3020042,574077892.0558982,101966914.04692808
436,2008-05-12,1.6218,17.57142857142857,14.557142857142859,21.285714285714285,211.66666666666666,4.257142857142857,1014.7857142857143,11.536818945432902,1.718724027091129,5.698404636417345,14.376915158762337,6.221878196385313,12.670136092127365,6.221878196385313,316326389.67332137,762263388.1035433,91988265.69237389
437,2008-05-19,1.6305600000000002,17.749999999999996,14.683333333333332,21.666666666666668,321.0,4.666666666666667,1012.5166666666665,0.5120630696168083,7.806852566007326,7.910116463170871,14.31848852224338,5.638708394765805,11.516186387238095,5.638708394765805,164868960.0988608,703869228.6793412,125158885.23671903
438,2008-05-26,1.6209399999999998,19.185714285714283,14.685714285714285,24.11428571428571,115.75,5.728571428571429,1013.4428571428572,0.0,3.6020588294648714,10.37107773177107,16.111389347888604,8.843593058002394,12.922046167815202,8.843593058002394,145270432.49903888,812999439.8013036,87081218.74722463
439,2008-06-02,1.6232599999999997,17.04285714285714,13.442857142857141,20.957142857142856,137.66666666666666,6.371428571428573,1012.2857142857143,6.930345627953119,7.193909618120729,10.539401481484411,15.971294764656157,8.6836138234058,15.981030781970835,8.6836138234058,243676916.18985802,706718433.7693875,85504740.14348203
440,2008-06-09,1.6116199999999998,23.785714285714285,18.014285714285712,30.185714285714287,302.6666666666667,5.071428571428571,1017.3857142857144,5.477008690082142,7.798195792057641,6.624889995976577,15.68942184814141,6.1988474337979005,17.364958455458012,6.1988474337979005,192204911.23023754,806638263.1820054,113704459.08480811
441,2008-06-16,1.61102,23.0,17.842857142857145,28.599999999999998,234.75,6.214285714285714,1015.6,13.72051464081568,8.775668556785723,8.347666818749188,15.48004616554433,8.28114888425779,21.703162345158262,8.28114888425779,248645267.49206048,677815769.2096637,103044648.77658682
442,2008-06-23,1.61826,20.9,15.614285714285716,26.7,112.25,5.628571428571429,1011.857142857143,10.186204893394317,16.209698321764336,7.39350124396236,19.43050948223798,7.790626931730555,20.631307215027093,7.790626931730555,163686268.9526791,854137318.1644335,89398714.77379635
443,2008-06-30,1.6139199999999998,19.783333333333335,14.683333333333332,25.099999999999998,64.5,6.983333333333334,1016.1999999999999,6.920658891154373,9.868424905651594,5.075929774767678,21.050833196087115,7.387480496523876,20.197981681788413,7.387480496523876,295554513.5361631,819803524.3023299,103557063.82785517
444,2008-07-07,1.61042,21.385714285714283,15.057142857142855,26.957142857142856,177.6,9.085714285714287,1013.8571428571429,0.22572488966627335,8.577407161527937,6.706953615176941,20.76134375709235,7.042440424714933,20.387294616360123,7.042440424714933,215800173.98237836,716884262.0977279,98830354.4395318
445,2008-07-14,1.6195,22.642857142857142,16.82857142857143,28.75714285714286,216.0,5.985714285714286,1014.6142857142858,9.197626663195635,14.953223394120451,5.729567863750314,21.734727672727736,9.962789334868761,20.566782542438812,9.962789334868761,312521683.11372036,640681902.1953762,103386153.3637495
446,2008-07-21,1.61354,23.0,17.428571428571427,29.157142857142855,122.0,5.1,1014.1857142857142,8.54152569946933,9.170406998179478,6.086936295277426,25.123992240704844,8.292050539096753,17.872429226271752,8.292050539096753,264045493.60682824,863591131.1431487,118356405.87346846
447,2008-07-28,1.62574,20.800000000000004,15.942857142857141,26.32857142857143,102.8,5.3428571428571425,1010.6999999999999,1.1333240423889759,17.082895692668963,4.830982299632144,19.35876224598661,6.473961982902995,20.28398798727169,6.473961982902995,393082944.0187427,872293456.4588932,82626350.65285608
448,2008-08-04,1.63278,19.5,14.714285714285714,25.628571428571426,222.33333333333334,4.728571428571429,1012.9428571428571,4.591355855046321,13.255375070417676,5.961618548535408,22.003023759717415,6.484966759616338,17.030643223586267,6.484966759616338,259919045.46054614,729865106.230705,87183330.87202045
449,2008-08-11,1.6273,19.742857142857144,14.0,26.099999999999998,149.5,4.285714285714286,1015.7714285714286,0.0,12.825403915789165,7.176720025929098,24.124416630881672,9.282873009728904,20.042977862403433,9.282873009728904,311741525.9736022,861441691.9368783,106667352.31744458
450,2008-08-18,1.6194600000000001,20.1,16.157142857142855,24.685714285714287,107.0,4.4714285714285715,1014.9428571428571,0.29111702351278534,14.253922233281548,4.21287728492407,19.96876541779324,7.074610621895042,20.800927833573223,7.074610621895042,313301190.0587998,635096372.8464779,109657980.43947026
451,2008-08-25,1.6179999999999999,18.62857142857143,14.585714285714285,23.7,111.0,5.742857142857143,1014.5,13.720369293064678,12.7162588570806,5.853370958705787,22.855776218208135,7.163906637809988,17.95008902425043,7.163906637809988,255066598.10217825,730817710.2639031,48089162.765797585
452,2008-09-01,1.6121200000000002,15.466666666666667,11.549999999999999,20.01666666666667,155.0,5.933333333333334,1013.0666666666666,2.7776652461780644,14.99378996908842,6.746697250516972,20.920493371498402,4.641094758931439,16.711386660683356,4.641094758931439,365232431.2061142,661024125.0297233,76081902.4978271
453,2008-09-08,1.60242,13.757142857142858,8.857142857142858,19.457142857142856,91.5,4.814285714285715,1017.4857142857144,0.0,9.597097897595694,6.744321135733939,19.29391904840776,4.939365147427847,15.923744657135876,4.939365147427847,371585983.2474958,493758354.3983619,121016204.50487697
454,2008-09-15,1.59362,13.842857142857142,9.614285714285714,18.814285714285717,107.0,4.957142857142857,1018.8,0.0,10.861938909753059,4.783422939798665,18.828857290557757,5.749007644489921,16.520375343915294,5.749007644489921,396591033.19128704,698486661.5188309,94061181.59191738
455,2008-09-22,1.5909,10.885714285714286,5.328571428571429,17.385714285714283,138.6,5.128571428571428,1018.1857142857142,2.321664446063062,14.177665521739236,4.326581195048985,14.280693773379989,3.0685935866231833,18.828965131921674,3.0685935866231833,260603749.16640255,706127033.4532298,108769065.73913752
456,2008-09-29,1.5909,12.671428571428573,7.057142857142858,19.82857142857143,48.5,2.3428571428571425,1025.5285714285715,4.57205764493855,7.032497986083984,2.5962085842487164,15.440480249404214,5.105384190783059,16.198284339276817,5.105384190783059,612270364.2984083,790704682.274633,86757887.22520393
457,2008-10-06,1.5702399999999999,12.385714285714284,7.742857142857142,17.47142857142857,95.0,4.471428571428571,1020.6714285714287,4.580078667216457,10.832988558193598,6.871720377826459,12.614440266075686,7.613386090614674,11.823121260859843,7.613386090614674,526046885.64623255,596575767.8841348,56122571.27210702
458,2008-10-13,1.5424,11.6,8.014285714285714,16.185714285714287,209.33333333333334,4.485714285714286,1013.9142857142858,19.934090533101195,5.3840575983803465,7.53564148873664,13.995057868563341,8.483993944875424,10.872742123956645,8.483993944875424,469416688.9459751,792876744.9258018,81216351.14234838
459,2008-10-20,1.53514,9.942857142857145,7.642857142857143,12.414285714285713,127.33333333333333,3.9714285714285715,1016.2,18.87577883656507,6.677197097768181,4.353957901799984,9.98427757546811,6.766345438378631,9.459383994710485,6.766345438378631,565956669.9800293,776920060.108523,112522134.93009847
460,2008-10-27,1.48294,9.12857142857143,6.242857142857142,12.814285714285713,57.0,2.5714285714285716,1022.5,0.0,1.0080216203125838,6.417002718397518,8.123982224946797,5.30615283607445,11.014026532362456,5.30615283607445,536506004.0120575,622698167.0708357,72684254.31422864
461,2008-11-03,1.47066,6.242857142857143,1.3285714285714287,12.499999999999998,92.0,3.6428571428571432,1022.0857142857142,0.0,5.373359737720713,2.880902339414247,7.351464456430666,5.094562998406059,7.487126524681241,5.094562998406059,566793060.5632948,652813457.0961035,112474535.0784857
462,2008-11-10,1.50196,2.028571428571428,-2.0,7.328571428571429,83.33333333333333,4.9,1010.5428571428573,16.681671866595543,4.131685233170186,6.848726681748159,9.381876309544088,3.2618336572819326,10.123938932632218,3.2618336572819326,584095248.802929,734585335.4172913,67820950.71528558
463,2008-11-17,1.50026,0.2285714285714285,-2.585714285714286,3.1000000000000005,125.0,2.8142857142857145,1006.8857142857141,2.6764988190221115,1.9155347142572852,6.827544566695673,9.191933598830833,4.9501132726951065,5.412292494765888,4.9501132726951065,565311483.5044906,791849855.4596928,117776209.44457598
464,2008-11-24,1.5298,0.014285714285714266,-2.8,3.685714285714286,97.5,2.7714285714285714,1015.0571428571428,17.902895291712916,-0.449962069994692,5.595526731715714,7.799124115158907,7.106781295349769,5.0524952823451965,7.106781295349769,537444485.8657268,823750825.5940553,114479449.55459613
465,2008-12-01,1.54126,3.9857142857142853,1.3,6.257142857142857,91.5,5.985714285714286,1010.9857142857143,4.924219847078049,1.217809698728833,10.74836746382352,4.6978931196873415,9.459542276931476,3.136366786050858,9.459542276931476,686280202.0657971,793166504.6216191,123503263.65959388
466,2008-12-08,1.5389599999999999,4.2,-0.9142857142857143,11.257142857142856,81.0,4.085714285714286,1024.8428571428572,0.5144187994378093,-2.8207066165236734,4.784615011013393,1.48983162765119,7.730412600245149,3.4275065204006876,7.730412600245149,559862448.3653365,741636141.4918988,96582879.37092593
467,2008-12-15,1.56904,-1.285714285714286,-4.442857142857142,1.8714285714285717,247.0,2.7,1031.542857142857,8.299207856269149,-3.7289177595324525,9.032346245347064,4.668795653791577,4.499619587285007,6.292619547438249,4.499619587285007,726741142.0900096,807956028.4592191,90363861.55958667
468,2008-12-22,1.55274,-0.5285714285714286,-2.6999999999999997,1.985714285714286,99.0,2.085714285714286,1019.0571428571428,0.22207457386446328,-3.371460049317154,8.285492750863735,6.507830554003022,4.221734585100036,5.535942387399733,4.221734585100036,636986338.5116181,589176439.2132447,82912639.39267279
469,2008-12-29,1.5049666666666666,-1.5666666666666667,-5.483333333333333,4.3,,1.5833333333333333,1025.6666666666667,0.6577483110522053,-1.6366954779531995,6.005528947187392,4.666884674973608,10.047108944400012,6.437745119138207,10.047108944400012,524792114.79435486,500450591.5352123,42848456.64769596
470,2009-01-05,1.493675,1.0857142857142856,-2.1857142857142855,4.685714285714285,,2.8714285714285714,1013.3571428571429,4.425576844557091,0.5064378097664696,6.267848323159721,5.945112741655013,4.535357120640844,4.877778229980481,4.535357120640844,524792114.79435486,500450591.5352123,42848456.64769596
471,2009-01-12,1.49936,2.685714285714286,-1.2,7.2142857142857135,74.0,3.7857142857142856,1002.0,10.79143734921082,-5.1619504355776105,10.010753193718752,-1.153363692452249,18.128266038554877,3.168205861371864,18.128266038554877,524792114.79435486,500450591.5352123,42848456.64769596
472,2009-01-19,1.4803799999999998,1.7428571428571427,-0.5571428571428569,4.271428571428571,,3.2428571428571433,1009.1999999999999,1.2051573700371585,-3.1445425728031653,11.879840434819712,2.476310078261047,8.088823390072058,4.962331309576471,8.088823390072058,524792114.79435486,500450591.5352123,42848456.64769596
473,2009-01-26,1.49186,4.4714285714285715,0.8142857142857142,8.242857142857144,92.33333333333333,7.371428571428572,1003.3571428571429,12.730887658325148,-5.7323091783701345,9.43006201026714,1.076019253412194,5.874193764740798,-2.292196397991437,5.874193764740798,524792114.79435486,500450591.5352123,42848456.64769596
474,2009-02-02,1.49972,2.9857142857142853,-2.357142857142857,8.257142857142858,96.2,8.757142857142856,1018.842857142857,0.0,-0.9911077511685629,10.853639363339799,3.1759625163263596,14.306036129369158,3.5251403157788768,14.306036129369158,524792114.79435486,500450591.5352123,42848456.64769596
475,2009-02-09,1.4957,5.028571428571429,-1.8,12.471428571428572,169.0,5.299999999999999,1021.6285714285715,1.152182616307046,-2.3118252371160164,9.918986764450086,4.363433387900211,9.610078121440218,3.5224761367041335,9.610078121440218,524792114.79435486,500450591.5352123,42848456.64769596
476,2009-02-16,1.49464,5.916666666666667,2.3000000000000003,9.933333333333334,241.0,3.6333333333333333,1008.35,1.9739557917849164,-5.161796575708034,7.195119304315885,4.981165998811599,2.9083526192800937,5.957900801581398,2.9083526192800937,524792114.79435486,500450591.5352123,42848456.64769596
477,2009-02-23,1.48712,7.785714285714286,2.142857142857143,13.528571428571428,140.83333333333334,11.157142857142857,1010.4285714285714,0.6783421342223783,-2.893319867781513,7.837012509514171,7.0085674168469,5.184981917043347,6.866374106751656,5.184981917043347,524792114.79435486,500450591.5352123,42848456.64769596
478,2009-03-02,1.48302,10.428571428571429,1.5428571428571427,18.857142857142858,88.0,7.657142857142857,1021.9142857142857,0.4774869062064455,-0.6096999899853434,8.505992634847264,8.609515148444743,8.443801374088764,5.5599560049571926,8.443801374088764,524792114.79435486,500450591.5352123,42848456.64769596
479,2009-03-09,1.47358,8.642857142857142,0.5142857142857143,15.12857142857143,79.5,9.285714285714286,1013.2285714285714,3.9059065077218675,-0.5657620462027837,6.418803854694966,7.551368626392041,7.29420753284294,3.775836359922746,7.29420753284294,524792114.79435486,500450591.5352123,42848456.64769596
480,2009-03-16,1.5089000000000001,11.014285714285714,7.228571428571428,14.971428571428572,267.75,5.157142857142857,1010.6428571428571,2.217009793723337,-5.221599306217794,6.408223820112317,6.147464826710567,12.202343837051917,6.452286472252085,12.202343837051917,524792114.79435486,500450591.5352123,42848456.64769596
481,2009-03-23,1.5327199999999999,12.983333333333333,5.783333333333332,20.083333333333336,,4.199999999999999,1017.3000000000001,1.9789024212556994,1.1234485816456328,7.617459130228747,8.637576154330088,11.823954226352335,10.471034115395296,11.823954226352335,524792114.79435486,500450591.5352123,42848456.64769596
482,2009-03-30,1.52222,13.714285714285714,7.542857142857144,19.45714285714286,204.5,5.171428571428572,1011.1285714285714,6.404677340355727,-3.6596138743930107,7.5194731777918555,9.514207122722606,10.834841527395518,8.034297502737253,10.834841527395518,524792114.79435486,500450591.5352123,42848456.64769596
483,2009-04-06,1.5200200000000001,13.0,6.671428571428571,19.0,181.5,6.128571428571429,1015.3285714285714,7.315782285631645,-1.29905614037321,8.108049272630172,7.310685897510983,9.117094634103163,8.020416694111073,9.117094634103163,524792114.79435486,500450591.5352123,42848456.64769596
484,2009-04-13,1.5199666666666667,10.3,7.100000000000001,13.62857142857143,153.0,4.585714285714286,1013.6857142857143,0.0,-4.04426542394598,6.559911151154912,11.869458861684096,7.522883808666145,9.133178486382993,7.522883808666145,524792114.79435486,500450591.5352123,42848456.64769596
485,2009-04-20,1.5154,16.400000000000002,8.428571428571429,23.199999999999996,115.4,6.8428571428571425,1018.5571428571428,9.997993768072751,3.550445234643636,9.495827947546854,11.21483930512895,10.534505471461465,12.641333026408208,10.534505471461465,524792114.79435486,500450591.5352123,42848456.64769596
486,2009-04-27,1.5109,17.357142857142858,12.057142857142859,22.585714285714285,253.25,4.514285714285714,1017.7857142857143,18.38960586591573,0.3723788857635877,3.5894678489816236,11.783445673452603,7.289307356729371,10.841793888432706,7.289307356729371,524792114.79435486,500450591.5352123,42848456.64769596
487,2009-05-04,1.506525,17.671428571428567,12.857142857142858,23.34285714285715,191.0,4.371428571428571,1016.9142857142857,13.500107253769215,1.8262258033598444,6.612639709585758,11.46961208445289,12.479138346195827,10.271485754117055,12.479138346195827,524792114.79435486,500450591.5352123,42848456.64769596
488,2009-05-11,1.5113400000000001,21.971428571428568,14.72857142857143,28.82857142857143,167.0,8.271428571428572,1017.0,13.412634667231206,-1.3688197373078435,8.095789425230873,10.809238428239986,7.4098117297656465,9.618194739871967,7.4098117297656465,524792114.79435486,500450591.5352123,42848456.64769596
489,2009-05-18,1.50666,18.985714285714288,11.085714285714285,25.142857142857142,171.16666666666666,8.67142857142857,1013.9,10.772326259710878,1.6108164396226394,7.963019384540009,10.768334500397732,12.915072409209612,11.681244548159958,12.915072409209612,524792114.79435486,500450591.5352123,42848456.64769596
490,2009-05-25,1.51678,16.728571428571428,13.14285714285714,20.857142857142858,141.14285714285714,5.771428571428572,1010.7857142857143,12.116472188905107,6.534241052142285,7.064745158403225,14.601079372112785,5.534449107926577,14.636303908214952,5.534449107926577,524792114.79435486,500450591.5352123,42848456.64769596
491,2009-06-01,1.51328,22.24285714285714,16.47142857142857,27.771428571428572,278.8333333333333,6.957142857142857,1018.1,0.0,5.057481457125872,8.34103597006759,15.454176889340387,8.789723798196635,18.16033967285404,8.789723798196635,524792114.79435486,500450591.5352123,42848456.64769596
492,2009-06-08,1.5158999999999998,20.525,14.525000000000002,25.425,161.0,10.100000000000001,1013.8,16.890062328730444,6.91711102773754,8.633160878357701,16.623847532392745,7.411956103051553,18.334392087900188,7.411956103051553,524792114.79435486,500450591.5352123,42848456.64769596
493,2009-06-15,1.5129,22.016666666666666,15.633333333333333,29.200000000000003,307.0,5.583333333333333,1013.6666666666666,0.0,10.627024409797366,6.4475960114078,16.142344369208963,7.619276622497607,18.636451215663143,7.619276622497607,524792114.79435486,500450591.5352123,42848456.64769596
494,2009-06-22,1.5070999999999999,21.614285714285717,15.542857142857144,27.942857142857143,155.6,6.200000000000001,1009.7428571428572,6.444608605028322,9.933318858653362,5.981783362084347,22.84149059588242,6.661317589965668,19.516508053459056,6.661317589965668,524792114.79435486,500450591.5352123,42848456.64769596
495,2009-06-29,1.5211999999999999,22.042857142857144,16.185714285714287,28.085714285714285,282.5,4.742857142857142,1016.0285714285714,5.302894174945261,6.639789137709635,6.178854810763549,22.87148789735443,9.312466366462264,19.204088076189947,9.312466366462264,524792114.79435486,500450591.5352123,42848456.64769596
496,2009-07-06,1.52334,20.228571428571428,14.700000000000001,25.928571428571427,245.33333333333334,5.985714285714287,1015.7571428571429,0.0,11.969098433321058,6.643793337015973,19.539037483908416,6.93766441662011,23.254335657991103,6.93766441662011,524792114.79435486,500450591.5352123,42848456.64769596
497,2009-07-13,1.5147,22.35714285714286,15.671428571428569,28.74285714285714,107.5,6.671428571428572,1017.2714285714286,2.5293119962120514,11.928244236398793,5.09425135781579,20.90578348079241,9.8221652452541,23.614622664551433,9.8221652452541,524792114.79435486,500450591.5352123,42848456.64769596
498,2009-07-20,1.51766,21.042857142857144,16.185714285714287,25.74285714285714,74.0,6.142857142857143,1015.1285714285715,0.0,12.47702092287082,8.08126422283641,22.081425729489847,8.231184613568404,20.294336813895764,8.231184613568404,524792114.79435486,500450591.5352123,42848456.64769596
499,2009-07-27,1.52014,21.928571428571427,16.75714285714286,27.800000000000004,194.5,4.414285714285714,1015.8,1.118702389503473,13.193577528771794,4.966328584126631,19.92371751314251,5.177692416593784,18.812712613679935,5.177692416593784,524792114.79435486,500450591.5352123,42848456.64769596
500,2009-08-03,1.52738,23.585714285714285,17.857142857142854,30.2,,4.3,1017.8285714285714,8.813466620248292,16.33814441377938,7.712916426466176,25.086849674348414,6.869721155818677,23.025677262105862,6.869721155818677,524792114.79435486,500450591.5352123,42848456.64769596
501,2009-08-10,1.5305,22.185714285714283,17.928571428571427,27.714285714285715,192.75,4.942857142857143,1016.6428571428571,9.798044182090527,10.986872305509081,7.350488220118385,20.44545419698426,6.856347031826691,21.19878275849855,6.856347031826691,524792114.79435486,500450591.5352123,42848456.64769596
502,2009-08-17,1.52768,21.342857142857145,16.842857142857145,26.87142857142857,329.0,5.685714285714286,1015.7857142857143,3.198753080789536,15.822170599490663,4.44337439325167,18.570627422077422,7.52434417671621,20.087954556568373,7.52434417671621,524792114.79435486,500450591.5352123,42848456.64769596
503,2009-08-24,1.5174400000000001,18.485714285714284,12.87142857142857,24.614285714285717,131.0,6.542857142857143,1019.4857142857144,15.348764036336238,12.628048297991484,6.569986203285976,19.51002405641082,7.579997069354385,22.27873434225524,7.579997069354385,524792114.79435486,500450591.5352123,42848456.64769596
504,2009-08-31,1.51864,17.071428571428573,12.842857142857142,21.914285714285715,60.0,4.257142857142857,1014.5428571428572,4.7578994266792884,10.768959248213562,7.842445807465537,19.00030643885372,8.239162187370129,19.55824496694542,8.239162187370129,524792114.79435486,500450591.5352123,42848456.64769596
505,2009-09-07,1.51602,18.228571428571428,13.514285714285714,23.8,86.0,3.414285714285714,1020.2142857142856,7.572079244276589,12.756878466058028,7.809109952809979,15.828117032401067,5.317050004502129,17.890261847452106,5.317050004502129,524792114.79435486,500450591.5352123,42848456.64769596
506,2009-09-14,1.51506,17.385714285714283,12.814285714285713,23.02857142857143,38.5,3.7857142857142856,1019.6000000000001,0.7885866441246554,7.913479293959191,4.401960294400326,16.261448760974876,6.533810665898519,18.295373157046598,6.533810665898519,524792114.79435486,500450591.5352123,42848456.64769596
507,2009-09-21,1.51746,15.47142857142857,10.085714285714285,21.385714285714283,,3.2571428571428567,1017.9142857142857,0.3408909769264934,10.25776667962328,5.730328943141516,17.35800671755006,4.964536229529637,17.929793852652672,4.964536229529637,524792114.79435486,500450591.5352123,42848456.64769596
508,2009-09-28,1.51242,13.342857142857143,8.585714285714285,17.97142857142857,82.75,10.5,1015.6857142857143,12.597197365433576,7.066227710164634,6.521314434471033,11.888666248777545,4.654154044451789,13.880316597198863,4.654154044451789,524792114.79435486,500450591.5352123,42848456.64769596
509,2009-10-05,1.51152,7.8428571428571425,3.1000000000000005,12.428571428571429,66.5,4.585714285714286,1015.4571428571429,11.12839322843962,6.121957611527623,6.187402254721158,14.991416285885913,5.385669180801443,14.58243330583312,5.385669180801443,524792114.79435486,500450591.5352123,42848456.64769596
510,2009-10-12,1.51592,9.114285714285714,4.057142857142858,16.82857142857143,41.0,2.5142857142857147,1016.9571428571427,13.352249939592873,8.758377774113141,6.725265536741322,12.368237491881063,7.752051195417796,15.306123991268304,7.752051195417796,524792114.79435486,500450591.5352123,42848456.64769596
511,2009-10-19,1.51572,9.185714285714285,5.485714285714286,13.028571428571428,124.0,3.7285714285714286,1011.6857142857143,15.192361853361179,5.0362622438584665,6.190911486778444,14.351189575108528,4.483578253740353,13.888248389992306,4.483578253740353,524792114.79435486,500450591.5352123,42848456.64769596
512,2009-10-26,1.5120200000000001,5.742857142857142,0.7857142857142857,11.200000000000001,144.0,3.5,1007.0857142857143,31.777842362262437,4.470417110263787,6.09574877615447,13.780264482575543,3.625717742847858,12.194738081418334,3.625717742847858,524792114.79435486,500450591.5352123,42848456.64769596
513,2009-11-02,1.51158,8.714285714285714,5.385714285714286,12.457142857142856,,2.157142857142857,1023.0,0.0,4.798545904761341,3.9905022555485754,8.693781523918517,5.301401914755224,8.897169176538723,5.301401914755224,524792114.79435486,500450591.5352123,42848456.64769596
514,2009-11-09,1.51132,5.742857142857142,1.657142857142857,10.828571428571431,178.0,2.3857142857142857,1024.7142857142858,7.285035203049459,0.15690624216680016,5.745617578910463,9.334019936848463,6.271869074093647,5.527536707504372,6.271869074093647,524792114.79435486,500450591.5352123,42848456.64769596
515,2009-11-16,1.51032,5.242857142857143,2.557142857142857,8.87142857142857,143.33333333333334,3.5714285714285716,1011.2714285714285,0.933407171835428,1.1684819645651054,7.245566474876071,10.563972755325993,3.1275839952463724,8.97104227019381,3.1275839952463724,524792114.79435486,500450591.5352123,42848456.64769596
516,2009-11-23,1.51176,3.9571428571428577,0.07142857142857142,9.085714285714285,80.33333333333333,3.485714285714286,1017.7571428571428,7.037107077267259,-1.1222554186063207,5.399466703748406,7.649338781007503,1.5462115984926843,6.170661525855138,1.5462115984926843,524792114.79435486,500450591.5352123,42848456.64769596
517,2009-11-30,1.50876,1.8714285714285717,-2.0142857142857147,5.771428571428572,164.33333333333334,4.685714285714285,1011.8285714285715,0.0,-0.7779333411716264,6.095052389108349,4.461737663672497,6.043807419869431,5.957442298008027,6.043807419869431,524792114.79435486,500450591.5352123,42848456.64769596
518,2009-12-07,1.5084,-1.3571428571428572,-4.357142857142857,1.342857142857143,99.0,4.0285714285714285,1005.0571428571428,4.411091814404516,-2.2634599852396846,6.019189547737946,3.5990752012705167,3.5820826941482733,0.09767069096577741,3.5820826941482733,524792114.79435486,500450591.5352123,42848456.64769596
519,2009-12-14,1.5117,0.21428571428571427,-2.9857142857142853,3.728571428571428,102.0,2.7142857142857144,1006.7142857142857,8.438556944397316,-3.4430298180025036,8.624030694598698,2.0135061355539485,6.927120989000512,0.5827558355006928,6.927120989000512,524792114.79435486,500450591.5352123,42848456.64769596
520,2009-12-21,1.50396,-0.10000000000000002,-3.857142857142857,3.5714285714285716,91.66666666666667,4.071428571428572,1008.1999999999999,2.324414989544275,0.714709589411342,6.1775439880579,4.749849390528746,5.324495782880644,2.699833882536943,5.324495782880644,524792114.79435486,500450591.5352123,42848456.64769596
521,2009-12-28,1.4912999999999998,1.2714285714285716,-0.8571428571428571,3.585714285714286,105.0,2.6285714285714286,1009.2142857142857,3.038251882998387,-1.1690650669573734,6.34073850109529,5.347382623533328,4.674098413916823,6.121504929431297,4.674098413916823,524792114.79435486,500450591.5352123,42848456.64769596
522,2010-01-04,1.486725,-1.0999999999999999,-4.9,3.9285714285714293,104.5,2.357142857142857,1022.3285714285714,6.549278808859135,-5.511896069538421,7.399071935761565,3.6505268315097306,1.446711853697762,4.269873246500035,1.446711853697762,524792114.79435486,500450591.5352123,42848456.64769596
523,2010-01-11,1.48162,0.0,-3.4857142857142853,3.3000000000000003,,2.914285714285714,1023.1714285714287,0.0,-5.598241957218136,9.638841692594577,4.807057655235667,1.4503412941065417,2.832480960989224,1.4503412941065417,524792114.79435486,500450591.5352123,42848456.64769596
524,2010-01-18,1.4767199999999998,0.14285714285714288,-4.014285714285714,4.871428571428572,83.0,5.042857142857144,1010.3000000000001,2.2036276907020156,-0.9910158897043776,12.381182637042834,2.5731250964177494,9.90038405128163,-0.02463269669303525,9.90038405128163,524792114.79435486,500450591.5352123,42848456.64769596
525,2010-01-25,1.47364,2.085714285714286,-0.9285714285714287,5.3999999999999995,286.5,5.128571428571429,1006.0142857142856,0.7578579660661582,-5.54187204838428,9.662512001997968,4.0077635567078795,4.848578527462646,0.9971864299983034,4.848578527462646,524792114.79435486,500450591.5352123,42848456.64769596
526,2010-02-01,1.47112,2.0,-1.7142857142857142,5.957142857142857,,3.228571428571428,1006.4999999999999,6.120169035561792,-2.104208287395067,9.121741258458266,6.50804444599936,19.34848496013087,2.468005838201626,19.34848496013087,524792114.79435486,500450591.5352123,42848456.64769596
527,2010-02-08,1.47004,5.285714285714286,2.0,9.042857142857143,124.33333333333333,5.8,1003.3285714285713,0.0,-1.4941656049850562,7.243521007686169,4.380539572337642,11.066808801088776,5.278227009251932,11.066808801088776,524792114.79435486,500450591.5352123,42848456.64769596
528,2010-02-15,1.46608,7.0,2.8333333333333335,12.35,201.6,4.433333333333334,1009.5666666666667,7.255172881081084,-3.773474893504879,8.711450207607424,6.206657994530997,7.247853610154617,4.168090268916025,7.247853610154617,524792114.79435486,500450591.5352123,42848456.64769596
529,2010-02-22,1.4663,3.0857142857142854,-0.3428571428571428,6.371428571428572,206.83333333333334,9.242857142857144,1015.2857142857143,14.635066888379672,3.468445924327166,6.556634296168825,6.416544138859361,5.3091571503549275,5.420286466584607,5.3091571503549275,524792114.79435486,500450591.5352123,42848456.64769596
530,2010-03-01,1.46446,6.999999999999999,-0.4142857142857142,13.8,76.0,7.528571428571428,1022.5,0.0,2.5546758011618103,8.674031602883309,10.404936799407963,9.391840921384656,7.437949137172611,9.391840921384656,524792114.79435486,500450591.5352123,42848456.64769596
531,2010-03-08,1.4629800000000002,10.957142857142859,8.3,14.071428571428571,276.0,3.6857142857142855,1022.4999999999999,0.0,-0.6118732437103148,5.1153479870999625,7.135165332977608,7.602731138468111,5.506611144166796,7.602731138468111,524792114.79435486,500450591.5352123,42848456.64769596
532,2010-03-15,1.4598,8.842857142857143,3.6857142857142864,13.9,152.0,6.228571428571429,1010.8714285714285,0.06490599192621715,-3.5579243509383223,7.4258436860998955,8.599471798631772,7.4817168608164994,5.338529022901317,7.4817168608164994,524792114.79435486,500450591.5352123,42848456.64769596
533,2010-03-22,1.44446,8.528571428571428,2.9714285714285715,14.185714285714285,121.33333333333333,5.714285714285714,1020.6857142857143,3.7270047015806504,0.11535799889271936,7.803054588992011,11.647417637745296,7.3440900271813465,5.939922355110607,7.3440900271813465,524792114.79435486,500450591.5352123,42848456.64769596
534,2010-03-29,1.42996,10.871428571428572,4.285714285714285,17.285714285714285,177.0,6.471428571428571,1015.1285714285715,0.7743266882605158,0.45556393460337175,7.182761497410309,9.34257770930451,10.787961291859151,9.301538692028993,10.787961291859151,524792114.79435486,500450591.5352123,42848456.64769596
535,2010-04-05,1.4257,13.0,5.142857142857143,20.228571428571428,62.0,6.4,1014.4142857142858,3.3984960448408303,0.9036729259472727,5.598591125689195,7.824677712497786,11.144952634336038,6.577586834804116,11.144952634336038,524792114.79435486,500450591.5352123,42848456.64769596
536,2010-04-12,1.43454,15.628571428571428,9.72857142857143,21.342857142857145,281.0,4.528571428571428,1020.3142857142856,6.418009776233951,-3.2857727533829255,8.218221369756941,7.757694048297092,12.639481650207795,10.589699669628866,12.639481650207795,524792114.79435486,500450591.5352123,42848456.64769596
537,2010-04-19,1.4352800000000001,12.714285714285714,9.671428571428573,16.057142857142857,89.0,5.714285714285714,1009.3285714285715,13.76401377068837,-0.9137756120829839,9.21868962951884,13.188576903086418,3.6947650356810504,15.04390962983755,3.6947650356810504,524792114.79435486,500450591.5352123,42848456.64769596
538,2010-04-26,1.43368,12.285714285714286,10.257142857142856,15.542857142857144,77.0,4.685714285714286,1008.5142857142857,23.910241893264278,3.0085441670814372,7.045403643683741,11.643115387490031,7.865080114196964,13.175739978434871,7.865080114196964,524792114.79435486,500450591.5352123,42848456.64769596
539,2010-05-03,1.43422,15.899999999999997,10.914285714285715,20.61428571428571,74.83333333333333,14.014285714285714,1012.9857142857143,10.894250379682061,2.6241217612005516,5.812849041245158,11.633920551726444,9.93608527599401,9.237567084138952,9.93608527599401,524792114.79435486,500450591.5352123,42848456.64769596
540,2010-05-10,1.42348,18.95714285714286,12.028571428571428,25.314285714285717,96.0,6.628571428571428,1014.8,17.326460278798557,3.0275524255232495,8.57951341207155,7.716090709782388,6.981406986506977,12.035085652859086,6.981406986506977,524792114.79435486,500450591.5352123,42848456.64769596
541,2010-05-17,1.40404,19.157142857142855,13.714285714285714,23.957142857142856,79.5,10.985714285714284,1010.3428571428573,0.9474919940523265,4.54294172131749,6.765825947283822,15.278718055542393,13.577524689561734,11.896438381876198,13.577524689561734,524792114.79435486,500450591.5352123,42848456.64769596
542,2010-05-24,1.41994,20.3,15.64,25.1,93.0,5.0200000000000005,1013.8,7.0452326303546435,1.9114268261176077,6.459876075648103,15.297428873294232,6.819118009133711,13.157657181095567,6.819118009133711,524792114.79435486,500450591.5352123,42848456.64769596
543,2010-05-31,1.4220400000000002,18.985714285714284,16.52857142857143,22.428571428571423,272.8,4.928571428571429,1012.2571428571429,13.23883479621855,8.12929896289796,8.605188868565495,14.651287033788659,6.9303091931731,14.023911129845935,6.9303091931731,524792114.79435486,500450591.5352123,42848456.64769596
544,2010-06-07,1.40684,18.228571428571428,12.185714285714285,23.114285714285717,65.25,10.285714285714286,1009.8571428571428,7.600769934891195,5.543622401874419,7.665957039352158,17.49165955675022,5.8779366541743965,15.981282240504424,5.8779366541743965,524792114.79435486,500450591.5352123,42848456.64769596
545,2010-06-14,1.38292,22.942857142857147,16.67142857142857,28.97142857142857,288.25,6.028571428571429,1014.9714285714286,4.421384420624262,11.030226522167274,6.172119449000803,17.796347586208867,7.17872668086134,15.88444218252713,7.17872668086134,524792114.79435486,500450591.5352123,42848456.64769596
546,2010-06-21,1.38294,24.585714285714285,18.314285714285713,30.271428571428572,245.0,7.771428571428572,1016.5,13.886558069263698,10.737825555441107,6.74278026817272,16.830438369714997,6.937739292596608,23.62514678865446,6.937739292596608,524792114.79435486,500450591.5352123,42848456.64769596
547,2010-06-28,1.3541599999999998,25.285714285714285,20.02857142857143,30.45714285714286,146.5,6.142857142857143,1015.3857142857142,9.432831019870074,10.64668552695802,7.908426893794357,21.087283004999154,7.480274849572374,18.0011495021651,7.480274849572374,524792114.79435486,500450591.5352123,42848456.64769596
548,2010-07-05,1.3284,24.928571428571427,18.714285714285715,31.042857142857144,235.33333333333334,7.2142857142857135,1014.7,1.3951326537936315,13.421276173742998,5.366042931515741,20.72430348984826,5.243111452153668,17.080220389791563,5.243111452153668,524792114.79435486,500450591.5352123,42848456.64769596
549,2010-07-12,1.33372,21.58571428571429,15.64285714285714,27.028571428571432,66.0,8.27142857142857,1012.2142857142857,7.247454976175355,13.29852960771044,5.749052549999982,18.183743473681286,7.018703839784002,16.315855299013137,7.018703839784002,524792114.79435486,500450591.5352123,42848456.64769596
550,2010-07-19,1.3473600000000001,20.814285714285713,14.771428571428572,26.599999999999998,110.4,6.5,1011.9857142857143,7.890733842945528,13.422398523278302,7.687611068435919,26.425226861053847,7.833699020255114,20.047585598048162,7.833699020255114,524792114.79435486,500450591.5352123,42848456.64769596
551,2010-07-26,1.34914,20.82857142857143,15.471428571428573,26.414285714285715,192.33333333333334,6.357142857142857,1014.4,0.0,14.51232501095738,6.735279499685596,20.805136122750756,7.7660565819556675,19.46029686508371,7.7660565819556675,524792114.79435486,500450591.5352123,42848456.64769596
552,2010-08-02,1.36792,18.12857142857143,13.85714285714286,22.942857142857143,181.6,5.057142857142857,1013.9428571428572,5.2910516193704185,10.180816655132116,8.50261879636161,18.930958976378832,7.416481286648191,23.867299782669093,7.416481286648191,524792114.79435486,500450591.5352123,42848456.64769596
553,2010-08-09,1.3772600000000002,22.583333333333332,17.166666666666668,28.666666666666668,270.0,4.6499999999999995,1015.7833333333333,9.752248502564786,12.544135453145968,7.99679575874385,21.157134678754776,8.495138938454613,21.131153582949842,8.495138938454613,524792114.79435486,500450591.5352123,42848456.64769596
554,2010-08-16,1.3584,19.214285714285715,13.328571428571431,24.88571428571429,119.5,7.757142857142858,1012.1428571428571,16.46327127472091,11.983265679524235,5.82655935922191,21.988659732486113,5.98420253867102,22.315068108005807,5.98420253867102,524792114.79435486,500450591.5352123,42848456.64769596
555,2010-08-23,1.32952,18.271428571428572,14.814285714285715,22.514285714285712,234.4,5.971428571428571,1013.1714285714287,10.310506055619864,14.999281998093371,6.789584350508216,21.459061847305154,4.188221746151637,17.263399470255763,4.188221746151637,524792114.79435486,500450591.5352123,42848456.64769596
556,2010-08-30,1.30472,17.500000000000004,11.042857142857143,24.428571428571423,151.5,5.6000000000000005,1017.9571428571428,8.00139551521224,10.636279197486797,6.062543465319373,16.674292359021493,5.8633327667516415,14.096437091205706,5.8633327667516415,524792114.79435486,500450591.5352123,42848456.64769596
557,2010-09-06,1.29936,16.685714285714287,11.942857142857141,22.057142857142857,271.0,4.4714285714285715,1015.9999999999999,15.459322203448114,16.332619563611466,6.786013491109103,17.120822022129126,5.666433488519969,20.35360743529835,5.666433488519969,524792114.79435486,500450591.5352123,42848456.64769596
558,2010-09-13,1.2922,13.171428571428569,7.92857142857143,19.185714285714287,84.5,5.914285714285713,1009.5142857142857,6.018518185855566,8.479346603281728,3.9425712024554844,15.918174817560688,5.179626438421771,17.413071592041295,5.179626438421771,524792114.79435486,500450591.5352123,42848456.64769596
559,2010-09-20,1.3105,15.07142857142857,11.871428571428572,18.714285714285715,,3.328571428571429,1015.4285714285714,9.66531621279105,9.268698342644235,6.209816761738024,13.997835044277364,6.0394465632788465,14.404554311892802,6.0394465632788465,524792114.79435486,500450591.5352123,42848456.64769596
560,2010-09-27,1.3186200000000001,12.614285714285716,9.028571428571428,16.771428571428572,,3.257142857142857,1015.0142857142857,2.294263436836939,8.694075477916693,4.408374592507424,14.711146521533548,6.3149287353343535,9.11333436817442,6.3149287353343535,524792114.79435486,500450591.5352123,42848456.64769596
561,2010-10-04,1.33208,10.242857142857144,4.8999999999999995,15.51428571428571,91.25,5.571428571428571,1011.1714285714287,0.5136375884396749,8.316932259196532,6.027289027031916,11.057435738770945,5.800721921931763,14.743626117856564,5.800721921931763,524792114.79435486,500450591.5352123,42848456.64769596
562,2010-10-11,1.3391199999999999,6.828571428571429,2.6285714285714286,11.914285714285715,83.0,4.728571428571429,1019.7285714285715,7.2369564864571965,6.7172144683341175,6.370531841927327,13.892057634161082,7.844442695826194,9.618707638261505,7.844442695826194,524792114.79435486,500450591.5352123,42848456.64769596
563,2010-10-18,1.33636,8.628571428571428,4.757142857142857,13.542857142857143,44.0,2.8285714285714283,1017.9428571428572,29.628189712836573,7.4080214652217915,3.4166553581968926,10.827226735383146,4.4086331238760526,11.74418955679007,4.4086331238760526,524792114.79435486,500450591.5352123,42848456.64769596
564,2010-10-25,1.34808,7.442857142857143,4.214285714285714,11.085714285714285,176.5,3.214285714285715,1005.3428571428573,18.525340651757993,7.501638412190863,4.947142122196687,8.270808084227978,6.6323299444148045,9.617074752626042,6.6323299444148045,524792114.79435486,500450591.5352123,42848456.64769596
565,2010-11-01,1.36658,8.62857142857143,5.771428571428571,11.785714285714283,184.0,3.4142857142857146,1012.1714285714287,7.448891095634526,4.178927884610223,4.008146824087487,15.445033966473055,3.6511464900467043,7.718352554819067,3.6511464900467043,524792114.79435486,500450591.5352123,42848456.64769596
566,2010-11-08,1.3658000000000001,5.014285714285713,1.542857142857143,8.814285714285713,90.0,4.085714285714286,1008.0571428571429,11.003742979180004,5.121780560633602,5.270526336857644,8.72777190336777,4.9294357899968535,7.883020039486009,4.9294357899968535,524792114.79435486,500450591.5352123,42848456.64769596
567,2010-11-15,1.33778,1.342857142857143,-1.2714285714285711,3.6142857142857143,71.0,4.528571428571429,1004.8714285714286,2.0933258606372487,1.5632166302966573,5.248958302435056,6.923025603126682,4.55548810360215,5.841440412870221,4.55548810360215,524792114.79435486,500450591.5352123,42848456.64769596
568,2010-11-22,1.34842,1.3142857142857143,-1.7714285714285716,4.2,86.0,5.157142857142857,1013.0142857142857,3.644939187956755,1.0869870070641685,6.4569424178619075,5.224126728864344,5.708636567310286,6.920870588110936,5.708636567310286,524792114.79435486,500450591.5352123,42848456.64769596
569,2010-11-29,1.32756,2.628571428571429,-1.9428571428571426,7.642857142857143,90.8,12.4,1016.9285714285714,4.577686135898807,-0.5197440454453248,8.215151046744754,4.044442618698137,4.609378842081773,4.662549119451923,4.609378842081773,524792114.79435486,500450591.5352123,42848456.64769596
570,2010-12-06,1.3111000000000002,-1.457142857142857,-4.757142857142857,1.1857142857142857,90.0,2.7857142857142856,1008.8999999999999,4.575871143973892,0.9436691898158771,7.507784093465757,1.8721562345056626,6.14666528638097,2.996920000161422,6.14666528638097,524792114.79435486,500450591.5352123,42848456.64769596
571,2010-12-13,1.30334,1.1142857142857145,-1.8142857142857147,4.4,80.0,8.8,1015.9,19.433602322273032,-6.451712905610481,7.211452398275896,0.6588300447338593,4.95912625958976,5.779391347443277,4.95912625958976,524792114.79435486,500450591.5352123,42848456.64769596
572,2010-12-20,1.28054,-1.6142857142857143,-4.957142857142857,2.4285714285714284,,2.185714285714286,1021.5857142857142,0.03428336412329824,-3.8606270975612897,8.154381244892821,1.9752239062483514,6.609729851074321,0.3785136946757208,6.609729851074321,524792114.79435486,500450591.5352123,42848456.64769596
573,2010-12-27,1.25824,2.8000000000000003,0.6714285714285714,5.728571428571428,99.0,1.8285714285714287,1021.0571428571429,0.0,0.10506743549211417,4.0140099275794405,9.45100353275789,13.270424099178102,2.858521667739505,13.270424099178102,524792114.79435486,500450591.5352123,42848456.64769596
574,2011-01-03,1.2488,2.414285714285714,-1.1857142857142857,8.314285714285715,86.0,3.742857142857143,1025.0142857142857,3.6065495827049974,-1.7647345474401068,4.712353874629413,4.1760237446688,14.07793752226323,7.4379536048164665,14.07793752226323,524792114.79435486,500450591.5352123,42848456.64769596
575,2011-01-10,1.25868,0.21428571428571427,-4.242857142857143,5.8428571428571425,99.5,4.585714285714286,1018.1,7.27385545775924,-3.9406424457598526,10.499602621747956,5.1341381445154965,10.347560206003251,4.420722075376523,10.347560206003251,524792114.79435486,500450591.5352123,42848456.64769596
576,2011-01-17,1.2750400000000002,1.5428571428571427,-2.1142857142857143,7.371428571428571,96.0,2.585714285714286,1021.1,1.433966420625375,1.449596615591785,11.989719174999681,3.3602576849822205,8.75580048182996,0.4216249333829363,8.75580048182996,524792114.79435486,500450591.5352123,42848456.64769596
577,2011-01-24,1.2930199999999998,3.442857142857143,-2.414285714285714,13.700000000000001,111.0,2.0714285714285716,1025.6857142857143,8.0306241852649,-3.0000503769315756,10.328178025403295,1.5421265328699978,5.00758617746138,-0.3703810624185311,5.00758617746138,524792114.79435486,500450591.5352123,42848456.64769596
578,2011-01-31,1.29132,4.4714285714285715,1.7428571428571427,8.299999999999999,,2.3714285714285714,1011.3285714285713,0.0,-0.2619175435632428,8.956180617894114,-0.5223617209656508,3.8169656237781986,5.648746033562945,3.8169656237781986,524792114.79435486,500450591.5352123,42848456.64769596
579,2011-02-07,1.2954,4.971428571428571,-0.10000000000000009,10.428571428571429,190.33333333333334,4.6,1014.2571428571428,0.0,-0.39432995624159584,8.772414816673688,3.828406425646614,7.574607279489344,7.911044453571952,7.574607279489344,524792114.79435486,500450591.5352123,42848456.64769596
580,2011-02-14,1.3103,4.7,0.8857142857142856,8.528571428571428,235.5,6.299999999999999,1021.2571428571428,7.767138071571698,-1.7838953900656052,6.592282036593849,4.736254613984168,8.777413325745457,4.874165233925452,8.777413325745457,524792114.79435486,500450591.5352123,42848456.64769596
581,2011-02-21,1.30206,5.3428571428571425,-0.5285714285714286,11.742857142857144,,4.614285714285715,1025.1285714285716,5.463169494775935,-0.888155786934141,9.296548515883597,5.534927504889561,4.3767161497150155,5.838399020211135,4.3767161497150155,524792114.79435486,500450591.5352123,42848456.64769596
582,2011-02-28,1.2816800000000002,7.771428571428571,4.957142857142857,10.314285714285715,178.5,3.914285714285714,1015.9571428571428,0.0,1.2826287059739316,8.526461197324101,10.506477603192685,9.592639345490205,8.581050848860542,9.592639345490205,524792114.79435486,500450591.5352123,42848456.64769596
583,2011-03-07,1.28904,10.214285714285714,2.957142857142857,17.385714285714286,155.0,7.328571428571428,1026.7571428571428,4.544708041490297,-1.6734116263895005,9.915729263125181,4.831846645789041,6.775519741136448,6.21378645836587,6.775519741136448,524792114.79435486,500450591.5352123,42848456.64769596
584,2011-03-14,1.29132,11.133333333333335,5.866666666666666,16.45,272.0,4.616666666666666,1016.5499999999998,9.853396125199469,-1.9511629513054405,7.779144545315967,8.68044801199408,8.344231433127877,9.191761598700507,8.344231433127877,524792114.79435486,500450591.5352123,42848456.64769596
585,2011-03-21,1.2746,15.0,6.6571428571428575,23.142857142857146,194.33333333333334,6.514285714285714,1020.857142857143,11.410842021973831,-0.7102231753200153,6.989516615109642,7.192679784869554,12.602051007477119,7.590511192308446,12.602051007477119,524792114.79435486,500450591.5352123,42848456.64769596
586,2011-03-28,1.28458,17.714285714285715,10.428571428571429,24.2,85.4,12.657142857142857,1015.5571428571429,7.993173551306059,1.3463459620572966,7.843661447978846,8.329139939911812,8.232244797529077,11.442763813304374,8.232244797529077,524792114.79435486,500450591.5352123,42848456.64769596
587,2011-04-04,1.30288,13.314285714285715,6.285714285714286,19.928571428571427,264.3333333333333,7.2142857142857135,1018.4857142857143,3.15030210435666,2.891877893534919,9.870254968677585,8.858625453620695,11.07585512622584,6.869644302249381,11.07585512622584,524792114.79435486,500450591.5352123,42848456.64769596
588,2011-04-11,1.31196,14.957142857142857,9.057142857142857,20.87142857142857,272.8,5.885714285714286,1013.7428571428571,0.0,-1.782129041622019,7.481896611668888,9.287962366097613,12.099846715986166,9.043595172294916,12.099846715986166,524792114.79435486,500450591.5352123,42848456.64769596
589,2011-04-18,1.29218,14.857142857142858,8.942857142857141,19.542857142857144,146.5,5.757142857142857,1009.3142857142858,17.462733214464883,-1.087499859707884,7.8776713748114435,9.800953724478706,9.559713297318318,12.838008646216245,9.559713297318318,524792114.79435486,500450591.5352123,42848456.64769596
590,2011-04-25,1.2878999999999998,17.242857142857144,10.671428571428573,23.78571428571428,257.0,6.2285714285714295,1022.0714285714286,0.0,4.836806154503458,7.984376231401502,11.791765895485936,7.862279448672889,12.551757698846473,7.862279448672889,524792114.79435486,500450591.5352123,42848456.64769596
591,2011-05-02,1.28786,17.357142857142858,10.485714285714284,23.34285714285715,169.6,8.285714285714285,1017.9571428571428,2.923165432074931,4.834271455141845,9.366609155365241,10.565978111592793,7.458360339761373,12.028854924321235,7.458360339761373,524792114.79435486,500450591.5352123,42848456.64769596
592,2011-05-09,1.2724199999999999,20.371428571428574,13.571428571428571,27.62857142857143,159.5,5.471428571428572,1019.1999999999999,8.836293860433814,-0.9069516075677431,7.094223510475051,8.19725329344764,6.933601219581654,14.932389230068885,6.933601219581654,524792114.79435486,500450591.5352123,42848456.64769596
593,2011-05-16,1.26112,17.314285714285713,11.857142857142858,22.314285714285717,245.25,5.985714285714286,1016.2857142857141,5.359022913456107,4.303110552227013,8.149580962607901,12.162444446723338,18.208229480481272,15.660602773683975,18.208229480481272,524792114.79435486,500450591.5352123,42848456.64769596
594,2011-05-23,1.25142,17.34285714285714,14.642857142857144,21.128571428571426,225.33333333333334,3.885714285714286,1012.6714285714286,3.5391096618239946,4.47806770707234,9.253600215569453,12.828381724545904,7.672706896780307,13.922754401820942,7.672706896780307,524792114.79435486,500450591.5352123,42848456.64769596
595,2011-05-30,1.2288000000000001,19.41428571428571,14.799999999999999,24.62857142857143,210.0,5.0857142857142845,1015.4285714285714,5.757396488467637,7.039021600135108,7.6086764746875994,17.467017194712145,4.213862899199107,16.762177220788743,4.213862899199107,524792114.79435486,500450591.5352123,42848456.64769596
596,2011-06-06,1.22112,19.571428571428573,14.942857142857141,23.87142857142857,112.33333333333333,5.685714285714285,1015.0857142857142,10.360166622828602,8.205610631373474,9.561853598030792,17.30964424178411,6.7251216098340825,16.276370022650006,6.7251216098340825,524792114.79435486,500450591.5352123,42848456.64769596
597,2011-06-13,1.2183199999999998,22.599999999999998,15.785714285714286,29.12857142857143,141.0,6.9142857142857155,1016.5714285714287,7.579600047798065,11.621614925857427,7.283949683300563,17.365516851832485,7.530010101739881,18.425599384738394,7.530010101739881,524792114.79435486,500450591.5352123,42848456.64769596
598,2011-06-20,1.2076,21.61428571428571,16.32857142857143,26.45714285714286,203.4,7.628571428571429,1011.4857142857144,0.0,8.698533860143737,8.26079918610942,17.782903166164168,6.475528244704002,16.594701709354208,6.475528244704002,524792114.79435486,500450591.5352123,42848456.64769596
599,2011-06-27,1.199,21.514285714285712,17.342857142857145,26.314285714285717,82.0,6.185714285714285,1014.2428571428572,1.4597746316932452,11.456970700802884,7.336657477150318,21.175562479857494,9.479893391778207,19.597329119809668,9.479893391778207,524792114.79435486,500450591.5352123,42848456.64769596
600,2011-07-04,1.2116399999999998,18.47142857142857,14.12857142857143,23.514285714285716,152.85714285714286,5.642857142857144,1008.2,2.96290232969164,12.553246319502296,5.3710919873962,19.77420664002929,5.6419743451791655,16.4695661667671,5.6419743451791655,524792114.79435486,500450591.5352123,42848456.64769596
601,2011-07-11,1.20278,18.7,13.185714285714287,24.214285714285715,119.5,6.185714285714284,1010.342857142857,6.114643792244322,10.470210459578285,5.4257540407839,21.56553371610522,9.17315031236337,22.63478799101307,9.17315031236337,524792114.79435486,500450591.5352123,42848456.64769596
602,2011-07-18,1.15964,21.057142857142857,15.27142857142857,27.771428571428572,196.0,4.9142857142857155,1013.7142857142857,5.307259576292908,16.99818183424409,6.610856503452575,25.005493535642415,7.154009450132326,20.808840097153226,7.154009450132326,524792114.79435486,500450591.5352123,42848456.64769596
603,2011-07-25,1.16602,20.085714285714285,15.342857142857142,25.214285714285715,148.5,5.242857142857143,1014.1714285714286,3.174803335303106,12.021019908994306,7.053863358145369,18.04185320776239,7.256660972945101,19.01602678922037,7.256660972945101,524792114.79435486,500450591.5352123,42848456.64769596
604,2011-08-01,1.14682,21.72857142857143,15.985714285714284,28.185714285714287,33.0,4.414285714285714,1013.8714285714286,17.703571487212827,15.91743866242869,6.984308161462649,23.185630377218327,6.726914485431523,17.530524300370242,6.726914485431523,524792114.79435486,500450591.5352123,42848456.64769596
605,2011-08-08,1.09558,24.02857142857143,17.942857142857143,31.11428571428571,281.0,3.585714285714286,1017.4714285714286,6.145850279794125,11.908348398751494,7.216051460173725,20.12638609436639,13.312937102597893,18.96739509644745,13.312937102597893,524792114.79435486,500450591.5352123,42848456.64769596
606,2011-08-15,1.07724,20.014285714285712,13.814285714285717,27.071428571428566,80.33333333333333,5.942857142857143,1013.1,12.627534883860008,14.138436434779399,5.245088822220945,18.550937460889678,6.100088897621272,20.417443813840933,6.100088897621272,524792114.79435486,500450591.5352123,42848456.64769596
607,2011-08-22,1.13376,20.114285714285717,15.714285714285714,25.357142857142858,82.75,4.5,1015.142857142857,0.0,12.603511055019249,5.385313172075829,20.98775000215337,6.5242213092746155,17.37544637258095,6.5242213092746155,524792114.79435486,500450591.5352123,42848456.64769596
608,2011-08-29,1.15122,20.742857142857144,14.828571428571427,27.642857142857142,164.5,4.728571428571429,1015.0571428571429,8.299045429730604,14.694284881224455,5.327083383733307,19.378199304395768,5.607700793126528,19.33671845535514,5.607700793126528,524792114.79435486,500450591.5352123,42848456.64769596
609,2011-09-05,1.1433,17.52857142857143,12.085714285714284,23.82857142857143,62.0,9.057142857142859,1014.1142857142858,10.862597891105544,13.748101232316086,5.733660205975196,17.041768164329113,6.43493723108937,13.853759389529166,6.43493723108937,524792114.79435486,500450591.5352123,42848456.64769596
610,2011-09-12,1.20886,17.47142857142857,12.085714285714285,24.25714285714286,,3.4,1022.5000000000001,0.0,10.825965781317903,6.049234050050271,21.15851296892327,4.51061876840876,18.46068738779888,4.51061876840876,524792114.79435486,500450591.5352123,42848456.64769596
611,2011-09-19,1.20502,17.257142857142856,11.385714285714286,24.52857142857143,,3.3857142857142857,1023.0428571428571,0.0,10.38171274722837,5.673794713270746,16.11005737342619,5.991925245333716,18.52935914443459,5.991925245333716,524792114.79435486,500450591.5352123,42848456.64769596
612,2011-09-26,1.21896,12.64,6.06,19.459999999999997,55.0,8.96,1016.6,26.67331644399791,8.359405148231641,6.25648592829503,16.12820718792599,6.66306250020051,13.761066417473739,6.66306250020051,524792114.79435486,500450591.5352123,42848456.64769596
613,2011-10-03,1.21908,10.371428571428572,5.2,15.171428571428573,133.66666666666666,6.242857142857142,1024.142857142857,0.0,10.410204667411849,6.869437083188649,15.174885041710539,8.903903788352384,15.52681523164472,8.903903788352384,524792114.79435486,500450591.5352123,42848456.64769596
614,2011-10-10,1.22882,7.757142857142857,3.9857142857142853,12.299999999999999,,3.3999999999999995,1020.6285714285714,17.991005443369318,4.6252689354183305,8.444986722317203,10.328317448046409,6.715265774615492,11.474961391347396,6.715265774615492,524792114.79435486,500450591.5352123,42848456.64769596
615,2011-10-17,1.2367,8.928571428571429,4.328571428571428,14.157142857142857,122.0,2.885714285714286,1023.2857142857143,30.759197227120254,7.225240518646037,5.510443323401391,11.070968280264065,3.892715402923836,15.491305650580124,3.892715402923836,524792114.79435486,500450591.5352123,42848456.64769596
616,2011-10-24,1.2345,11.216666666666667,9.4,12.733333333333334,76.0,2.9166666666666665,1017.7166666666668,8.771686015519142,5.498419774450781,7.915224340727178,8.755121805238655,9.910281778659028,13.508174305414045,9.910281778659028,524792114.79435486,500450591.5352123,42848456.64769596
617,2011-10-31,1.2212200000000002,4.814285714285714,-0.10000000000000002,11.671428571428573,,2.5428571428571423,1027.2142857142856,7.346369223410077,5.974968438372766,4.7119851417417715,8.91779889802378,5.780335432816697,8.201411923161379,5.780335432816697,524792114.79435486,500450591.5352123,42848456.64769596
618,2011-11-07,1.2211,2.3857142857142857,-1.6142857142857143,9.585714285714285,98.0,2.314285714285714,1025.7714285714285,5.965145807190417,-2.1017885716467157,8.510324416623142,9.343732340320912,4.179390568651935,2.8956397620675,4.179390568651935,524792114.79435486,500450591.5352123,42848456.64769596
619,2011-11-14,1.23494,1.9000000000000001,-2.4,9.385714285714286,104.0,2.0571428571428574,1029.1857142857143,6.137734073881308,3.7264273942752144,4.0547064979982785,11.814660259363816,4.995742535315129,5.919538172820172,4.995742535315129,524792114.79435486,500450591.5352123,42848456.64769596
620,2011-11-21,1.23858,5.6,1.1999999999999997,11.114285714285716,100.5,3.857142857142857,1016.1714285714287,1.8350946621573216,1.4661440249262432,6.054374597603029,7.733383036337173,4.1661817953524345,5.747861622426325,4.1661817953524345,524792114.79435486,500450591.5352123,42848456.64769596
621,2011-11-28,1.2297,2.9285714285714284,-0.8142857142857142,7.171428571428571,94.33333333333333,2.8571428571428568,1018.4571428571428,0.0,0.815948509062624,7.314677996541446,5.40829385923681,10.049995402431145,5.27907694918841,10.049995402431145,524792114.79435486,500450591.5352123,42848456.64769596
622,2011-12-05,1.2306599999999999,2.185714285714286,-1.6,6.428571428571429,86.66666666666667,5.671428571428571,1013.1142857142858,0.0,-3.4529493228685224,5.166490002447919,1.6709157316590122,5.145720678780472,0.3001363919329312,5.145720678780472,524792114.79435486,500450591.5352123,42848456.64769596
623,2011-12-12,1.2371,1.8857142857142857,-2.9285714285714284,9.042857142857143,98.5,5.485714285714286,1029.6857142857143,0.0,-0.8369389312440743,9.619420851833084,4.772087580145826,7.621835941814871,2.6824942406682846,7.621835941814871,524792114.79435486,500450591.5352123,42848456.64769596
624,2011-12-19,1.22724,2.242857142857143,-1.9571428571428573,7.614285714285714,87.66666666666667,5.128571428571428,1019.5857142857142,0.5791019905333442,-2.070825682235901,9.441100640558737,1.5594045936662375,4.730774299038047,1.3009197232240308,4.730774299038047,524792114.79435486,500450591.5352123,42848456.64769596
625,2011-12-26,1.220875,3.6428571428571423,-0.9285714285714286,10.028571428571427,93.33333333333333,5.3999999999999995,1023.7999999999998,0.0,1.9679317187826408,7.644118870706155,4.126738920112583,5.635580310822098,5.242845885525445,5.635580310822098,524792114.79435486,500450591.5352123,42848456.64769596
626,2012-01-02,1.21806,-0.5571428571428572,-5.142857142857143,6.585714285714286,94.0,4.142857142857143,1025.4428571428573,2.6936853882799108,0.8396645608807415,6.740886829175096,12.398258051403744,3.33218807886351,4.073057217143245,3.33218807886351,702193224.0,572488989.0,27117621.0
627,2012-01-09,1.2176399999999998,3.128571428571429,-2.2142857142857144,9.985714285714286,87.25,5.971428571428572,1016.842857142857,1.9553464629740636,-2.2720778427315356,8.792649335413667,3.2492292728962826,20.25537096912636,0.751859339546531,20.25537096912636,702193224.0,572488989.0,27117621.0
628,2012-01-16,1.21122,-0.35714285714285715,-2.757142857142857,1.9142857142857144,236.0,3.3285714285714287,1022.7285714285712,3.469034081304369,-0.000351339000514983,8.744937117665248,4.477943639344453,6.4364815189126565,5.332596028035082,6.4364815189126565,702193224.0,572488989.0,27117621.0
629,2012-01-23,1.20784,-4.7,-10.642857142857142,1.3142857142857143,159.0,5.428571428571429,1022.2428571428571,4.630644608201487,-4.247349100992289,8.934089186809809,1.5021263569991214,11.142374431635433,1.3955312156336304,11.142374431635433,702193224.0,572488989.0,27117621.0
630,2012-01-30,1.2067,-1.0,-6.857142857142857,4.385714285714286,107.16666666666667,7.114285714285715,1018.157142857143,5.607815436515057,-6.402175472166157,8.39112420141854,3.0080576799486387,4.003035566241809,2.4948606720151387,4.003035566241809,702193224.0,572488989.0,27117621.0
631,2012-02-06,1.2052200000000002,3.371428571428571,-1.1857142857142857,9.528571428571428,139.0,3.7714285714285714,1025.0,2.669721497157992,-6.048028047821472,8.041614263348922,5.01304729183365,6.429365990066735,1.1846379351061849,6.429365990066735,702193224.0,572488989.0,27117621.0
632,2012-02-13,1.20984,8.842857142857143,1.342857142857143,17.671428571428574,73.0,6.457142857142857,1020.4428571428572,0.0,-4.421005514493202,9.070819348544743,3.2006344599203054,6.9228595608383,1.8148616975040668,6.9228595608383,702193224.0,572488989.0,27117621.0
633,2012-02-20,1.20756,7.928571428571429,2.7142857142857144,13.842857142857142,151.33333333333334,4.814285714285714,1021.1714285714286,0.0,-2.572223853250779,7.541118762315818,5.915207435907708,6.852801908963605,9.259941603402705,6.852801908963605,702193224.0,572488989.0,27117621.0
634,2012-02-27,1.20596,9.87142857142857,1.4428571428571428,17.528571428571432,116.25,6.271428571428571,1026.5714285714287,0.0,1.2638207255380118,8.590260697989471,3.330778517879721,9.312098160273333,6.402017470354775,9.312098160273333,702193224.0,572488989.0,27117621.0
635,2012-03-05,1.20552,9.957142857142856,4.728571428571429,15.714285714285714,155.0,5.92857142857143,1028.357142857143,0.0,-4.9511637101143355,6.113099901960416,4.947772808590377,7.741039735099926,4.847590951927192,7.741039735099926,702193224.0,572488989.0,27117621.0
636,2012-03-12,1.20532,12.428571428571429,3.514285714285714,21.571428571428573,248.0,4.5,1024.3857142857144,2.3383494717188085,-0.22740826596757602,6.267750168844437,7.765679889417869,11.854980942492988,9.50424187905482,11.854980942492988,702193224.0,572488989.0,27117621.0
637,2012-03-19,1.2080600000000001,13.814285714285717,9.87142857142857,17.7,141.25,8.214285714285715,1009.3,0.0,-0.21791368523869936,7.092916890483708,5.59109948751507,6.97655669015553,3.790548238286788,6.97655669015553,702193224.0,572488989.0,27117621.0
638,2012-03-26,1.2056,9.857142857142858,4.942857142857143,14.285714285714286,173.0,8.657142857142857,1006.0571428571429,0.0,0.7051216806726934,7.99008603068226,10.103773171263414,8.054981196068168,7.6692733576523775,8.054981196068168,702193224.0,572488989.0,27117621.0
639,2012-04-02,1.20518,9.857142857142858,6.414285714285714,13.957142857142856,194.66666666666666,5.5,1001.3,0.0,0.8839074302948,10.404273460568163,8.15682111833977,8.367914270415682,6.761513229026637,8.367914270415682,702193224.0,572488989.0,27117621.0
640,2012-04-09,1.2032666666666667,10.428571428571429,5.214285714285714,15.857142857142858,98.5,6.042857142857143,1007.5571428571429,15.153839184274421,-5.648291282666831,7.795607899768564,8.214700248332505,9.925831397830827,10.104289604910548,9.925831397830827,702193224.0,572488989.0,27117621.0
641,2012-04-16,1.20214,14.685714285714285,9.8,19.885714285714283,205.33333333333334,5.228571428571429,1016.9142857142857,15.652891677206547,-0.2625417844235063,9.727420282340265,11.438358147554592,10.327896864160934,10.9398258335705,10.327896864160934,702193224.0,572488989.0,27117621.0
642,2012-04-23,1.20212,14.185714285714287,9.371428571428572,19.52857142857143,180.0,4.885714285714285,1015.2714285714285,16.03328399411606,0.5252940222026801,5.450820144759052,11.745327562966573,8.274027157659628,12.693536649050614,8.274027157659628,702193224.0,572488989.0,27117621.0
643,2012-04-30,1.20174,16.314285714285713,9.185714285714285,22.21428571428571,217.0,9.342857142857143,1016.9714285714286,9.614553115883325,6.717336098992819,7.880055925856762,12.327773117237932,10.20569376758619,10.789687014461833,10.20569376758619,702193224.0,572488989.0,27117621.0
644,2012-05-07,1.20145,15.600000000000003,10.72857142857143,20.514285714285712,305.5,4.185714285714286,1012.6999999999999,21.352556371992023,1.6508363588026425,7.527958501192448,12.03245319875687,7.806461678112971,11.926523096519922,7.806461678112971,702193224.0,572488989.0,27117621.0
645,2012-05-14,1.2011800000000001,19.62857142857143,12.485714285714286,25.371428571428574,230.6,6.528571428571428,1015.3714285714286,0.0,3.8889638542951683,9.453553277862182,9.966501618020972,6.6409288594836635,16.224598362699314,6.6409288594836635,702193224.0,572488989.0,27117621.0
646,2012-05-21,1.2011,19.057142857142857,13.8,23.457142857142856,209.33333333333334,5.942857142857142,1011.9714285714286,15.225406681149831,0.8137936103266652,10.624281835406954,15.334387201991403,7.914732709589946,17.115230286055983,7.914732709589946,702193224.0,572488989.0,27117621.0
647,2012-05-28,1.2013,17.114285714285717,13.385714285714288,21.785714285714285,152.16666666666666,5.8,1009.9142857142857,14.659894293741875,7.720720725967004,6.97434741769546,15.53341965363657,12.524827499660631,14.092990668347614,12.524827499660631,702193224.0,572488989.0,27117621.0
648,2012-06-04,1.20104,22.099999999999998,15.457142857142857,28.314285714285713,324.3333333333333,4.928571428571429,1016.8857142857142,8.624951645444604,8.908334490137767,10.056847926246963,16.777491328660382,6.383051085742001,15.5500740966396,6.383051085742001,702193224.0,572488989.0,27117621.0
649,2012-06-11,1.2010200000000002,23.357142857142858,17.371428571428574,29.085714285714285,103.25,6.542857142857144,1015.6714285714286,7.736064182093744,9.38223418751942,8.583138788692187,17.32562254766749,6.559638848408833,18.812523946266282,6.559638848408833,702193224.0,572488989.0,27117621.0
650,2012-06-18,1.20098,23.428571428571427,18.485714285714288,28.857142857142858,165.0,6.257142857142858,1013.2,4.4572220214433855,8.2869721340939,8.602299298455645,16.763563663074724,8.61385089116021,19.0813900777521,8.61385089116021,702193224.0,572488989.0,27117621.0
651,2012-06-25,1.2009,21.17142857142857,16.314285714285713,26.3,119.5,5.428571428571429,1012.4571428571427,12.664367175179127,12.693007484775126,4.702080946494878,21.80161019767783,10.221613368629853,20.09839527319224,10.221613368629853,702193224.0,572488989.0,27117621.0
652,2012-07-02,1.20152,21.5,15.12857142857143,28.157142857142862,154.8,5.628571428571429,1014.3714285714286,0.0,14.800757938078114,6.878120115993429,20.844868433844198,7.110563055116436,19.719478114998505,7.110563055116436,702193224.0,572488989.0,27117621.0
653,2012-07-09,1.2011600000000002,21.685714285714283,14.614285714285716,28.37142857142857,186.0,6.914285714285714,1014.9142857142857,0.0,12.276252482119423,7.524228068141665,22.176457142483383,5.697100087508559,20.809739071619692,5.697100087508559,702193224.0,572488989.0,27117621.0
654,2012-07-16,1.20098,22.814285714285713,17.071428571428573,29.38571428571429,220.8,5.271428571428571,1013.7285714285715,2.8712802901151804,11.729940352920945,8.836586385449388,19.408715935235985,7.9126618327352185,19.283499819311107,7.9126618327352185,702193224.0,572488989.0,27117621.0
655,2012-07-23,1.20098,21.657142857142855,16.928571428571427,27.357142857142858,64.66666666666667,4.971428571428571,1015.5571428571429,9.845475828441788,12.273451365453262,5.74203792924525,21.12881385577971,6.964052199704497,19.55422587719874,6.964052199704497,702193224.0,572488989.0,27117621.0
656,2012-07-30,1.201,21.985714285714284,16.414285714285715,27.842857142857138,159.6,6.185714285714286,1014.3571428571428,18.33427278155036,9.78033796171916,5.955083883146241,24.84045644258241,7.55653496553122,20.130625957788254,7.55653496553122,702193224.0,572488989.0,27117621.0
657,2012-08-06,1.20152,25.0,18.871428571428574,31.67142857142857,206.5,5.785714285714285,1017.9857142857143,6.029381038293662,17.81237275735366,5.771070961302124,20.404824772011235,9.27613723562661,19.361570254695227,9.27613723562661,702193224.0,572488989.0,27117621.0
658,2012-08-13,1.20112,20.342857142857138,15.0,25.928571428571427,179.5,5.385714285714285,1016.2428571428571,0.0,14.188898187505028,5.1585516491981895,20.2326152683157,6.681489852515876,18.049060974254708,6.681489852515876,702193224.0,572488989.0,27117621.0
659,2012-08-20,1.20104,17.585714285714285,13.071428571428571,22.71428571428572,90.2,6.457142857142857,1017.1142857142858,4.068006796996898,11.536278780331152,8.027912836368873,21.37554293646131,7.072653653686533,17.47617420340976,7.072653653686533,702193224.0,572488989.0,27117621.0
660,2012-08-27,1.20096,18.942857142857143,13.857142857142858,24.75714285714286,66.66666666666667,7.514285714285714,1016.2571428571429,3.847748291730914,13.435736678570997,6.451070053585889,17.842910051540215,8.670881373712486,19.64743516251068,8.670881373712486,702193224.0,572488989.0,27117621.0
661,2012-09-03,1.20092,16.685714285714287,10.8,23.114285714285717,52.0,5.785714285714286,1014.8571428571429,0.0,8.806376420148055,5.111303359627394,14.289459688265847,5.804251438902781,14.735789960998305,5.804251438902781,702193224.0,572488989.0,27117621.0
662,2012-09-10,1.2058200000000001,15.814285714285713,11.8,20.12857142857143,260.3333333333333,5.485714285714286,1013.1428571428572,10.012774894338992,10.609242591197999,4.862580226934938,16.917658118799714,5.238866571700392,16.866076266348145,5.238866571700392,702193224.0,572488989.0,27117621.0
663,2012-09-17,1.21218,15.599999999999998,12.442857142857141,19.642857142857142,172.0,3.4142857142857146,1017.9571428571428,0.7189339914197843,8.972107026722819,6.364051149670274,13.704747037764992,6.216224290716972,18.348857361362498,6.216224290716972,702193224.0,572488989.0,27117621.0
664,2012-09-24,1.21002,14.914285714285713,10.342857142857143,19.52857142857143,266.5,3.5857142857142854,1015.5142857142857,4.9647839076189495,10.820843237331944,5.1336350343372406,14.894189570136758,5.961187264573821,12.797120977989922,5.961187264573821,702193224.0,572488989.0,27117621.0
665,2012-10-01,1.20916,11.0,8.000000000000002,14.671428571428569,136.2,5.114285714285714,1013.857142857143,9.811047162760639,5.700101465365312,4.107814786000593,14.769428440267722,4.628608608006654,13.212277886057416,4.628608608006654,702193224.0,572488989.0,27117621.0
666,2012-10-08,1.21102,11.228571428571428,5.8999999999999995,18.642857142857142,,2.4714285714285715,1020.1142857142858,10.782784991151933,7.10847420456975,7.637132054358904,14.843718111670665,6.41118987186571,12.752919478230984,6.41118987186571,702193224.0,572488989.0,27117621.0
667,2012-10-15,1.2098400000000002,8.0,4.014285714285714,11.585714285714285,92.5,8.685714285714285,1003.2857142857144,9.502563884047454,2.792408720068742,7.006985239461027,10.42350132884589,5.0442688000553675,8.378985556336914,5.0442688000553675,702193224.0,572488989.0,27117621.0
668,2012-10-22,1.20946,9.385714285714286,5.6,13.971428571428573,125.0,4.485714285714286,1014.0999999999998,0.0,0.021494063590081325,5.499061232258636,10.49821279095755,2.9083072549167057,9.629241206336324,2.9083072549167057,702193224.0,572488989.0,27117621.0
669,2012-10-29,1.20944,7.828571428571428,3.914285714285714,12.3,122.5,3.142857142857143,1021.9833333333332,3.4513198389201634,5.643979087807479,5.803415952373695,10.44109989946898,6.350342243617215,8.385513945369276,6.350342243617215,702193224.0,572488989.0,27117621.0
670,2012-11-05,1.2073800000000001,4.314285714285715,-0.42857142857142844,10.785714285714288,105.33333333333333,2.357142857142857,1020.4,3.2543438895774317,0.2168540041529905,6.093487922470268,4.364536761049687,4.634760147288825,7.672175202168075,4.634760147288825,702193224.0,572488989.0,27117621.0
671,2012-11-12,1.20618,7.285714285714286,4.671428571428572,10.514285714285714,142.66666666666666,4.1571428571428575,1012.4857142857143,11.47410836108143,1.9988897802837273,3.5619718069893453,9.2088149541051,4.471820740705107,8.88614958385233,4.471820740705107,702193224.0,572488989.0,27117621.0
672,2012-11-19,1.2043,3.4285714285714284,-0.7857142857142857,8.100000000000001,106.66666666666667,6.842857142857143,1008.8285714285714,0.0,0.07122624596453486,7.3742661055863215,6.443987173174221,5.985965002752378,3.523378865773593,5.985965002752378,702193224.0,572488989.0,27117621.0
673,2012-11-26,1.2046199999999998,0.2714285714285714,-5.071428571428571,5.528571428571428,91.33333333333333,7.2,1016.5571428571428,0.0,1.8895092062777736,8.87209486893142,4.192171035808021,2.8158494230685935,3.655750470871989,2.8158494230685935,702193224.0,572488989.0,27117621.0
674,2012-12-03,1.2052,-0.9714285714285714,-4.771428571428571,3.1285714285714286,112.5,2.742857142857143,1017.5714285714286,9.323162369118101,-0.4774508184913038,7.100364917344105,2.097553891936102,3.999189252488985,4.513174481904399,3.999189252488985,702193224.0,572488989.0,27117621.0
675,2012-12-10,1.21046,0.8571428571428571,-2.9999999999999996,5.228571428571428,103.6,2.871428571428571,1020.0,13.78697536688629,-6.0580322889754905,8.04233265914306,6.813345552314276,7.74120069231133,2.542246531137568,7.74120069231133,702193224.0,572488989.0,27117621.0
676,2012-12-17,1.2097000000000002,5.771428571428571,0.2857142857142857,12.899999999999997,99.0,4.671428571428571,1022.842857142857,4.214285714285714,0.3491943911098807,8.565311497800547,1.8027939809118605,5.60803521579814,3.0611804471245487,5.60803521579814,702193224.0,572488989.0,27117621.0
677,2012-12-24,1.20804,1.8571428571428572,-0.9285714285714285,5.285714285714286,119.28571428571429,9.400000000000002,1008.3999999999999,,1.7597985658131152,7.11922705111701,4.309746888690997,6.977845040031915,5.1556213556108315,6.977845040031915,702193224.0,572488989.0,27117621.0
678,2012-12-31,1.2078,1.7285714285714289,-1.5428571428571427,5.485714285714286,105.8,4.471428571428571,1002.0285714285714,,,,,,,,702193224.0,572488989.0,27117621.0
679,2013-01-07,1.2089750000000001,2.028571428571429,-2.3000000000000003,8.27142857142857,133.16666666666666,4.5857142857142845,1016.8285714285714,,-4.038366270278999,6.812014381526756,1.9931855701415122,16.76079297715607,5.174304872291772,16.76079297715607,702193224.0,572488989.0,27117621.0
680,2013-01-14,1.2137,4.314285714285714,-0.8142857142857143,9.528571428571428,154.0,9.62857142857143,1007.4142857142857,,-1.119176885164574,12.023604541005874,2.73952076379432,10.672769981434142,2.436293878408021,10.672769981434142,702193224.0,572488989.0,27117621.0
681,2013-01-21,1.24074,1.5,-3.5,6.357142857142856,94.57142857142857,7.942857142857143,1013.1500000000001,,2.373600345034707,11.83436201929463,4.000250996922891,8.415941047312112,1.1306858831441755,8.415941047312112,702193224.0,572488989.0,27117621.0
682,2013-01-28,1.24202,2.3857142857142857,-2.3000000000000003,8.4,223.33333333333334,4.442857142857142,1016.7857142857141,,-2.8063521839306707,11.146364016072742,3.1354975914992695,9.649958966821286,2.0932436494179427,9.649958966821286,702193224.0,572488989.0,27117621.0
683,2013-02-04,1.23702,2.3714285714285714,-0.8714285714285713,6.457142857142856,119.0,5.614285714285714,1014.6999999999999,,-0.36895176024831233,10.78040646995654,-0.3242097794067167,12.240193450051208,2.7946762966673098,12.240193450051208,702193224.0,572488989.0,27117621.0
684,2013-02-11,1.2307000000000001,5.285714285714286,-0.1142857142857144,11.171428571428573,0.0,4.499999999999999,1017.6285714285714,,-3.0950509036019427,9.784508032619943,7.025468370381448,9.054161633266167,8.456203733388083,9.054161633266167,702193224.0,572488989.0,27117621.0
685,2013-02-18,1.2324199999999998,7.642857142857143,3.242857142857143,11.957142857142857,210.2,8.457142857142857,1000.1142857142858,,-1.4653804490613291,6.198983195130552,5.2682348395549266,5.125022456562869,2.9958406387730054,5.125022456562869,702193224.0,572488989.0,27117621.0
686,2013-02-25,1.23092,4.171428571428572,-0.39999999999999997,9.185714285714287,157.42857142857142,9.185714285714285,1009.0571428571429,,0.6286090450852695,6.934606382668074,6.655131549757334,5.0152512373763605,5.63964215340452,5.0152512373763605,702193224.0,572488989.0,27117621.0
687,2013-03-04,1.22108,6.328571428571428,3.242857142857143,9.342857142857143,272.25,5.828571428571429,1008.2714285714286,,-0.547603096060879,8.662592485402287,0.8258687439735235,6.882522279058286,7.053138183324118,6.882522279058286,702193224.0,572488989.0,27117621.0
688,2013-03-11,1.23222,8.12857142857143,2.685714285714286,12.757142857142856,304.0,7.057142857142857,1003.7142857142857,,-1.7311525090167361,7.4478965626474585,3.830590138307866,8.938447042397662,6.4259325560273775,8.938447042397662,702193224.0,572488989.0,27117621.0
689,2013-03-18,1.23078,9.028571428571428,5.171428571428572,13.171428571428573,247.42857142857142,6.728571428571428,1009.642857142857,,-1.9308486104027904,6.602612588644961,6.31404617190232,10.841098847599019,10.57562500184514,10.841098847599019,702193224.0,572488989.0,27117621.0
690,2013-03-25,1.2218,15.328571428571427,7.842857142857143,22.328571428571426,270.6666666666667,6.471428571428572,1019.9857142857144,,-1.5388690616620266,8.549949033625735,8.049543708545878,6.478444696674669,9.465438121174614,6.478444696674669,702193224.0,572488989.0,27117621.0
691,2013-04-01,1.2192666666666667,12.514285714285714,7.371428571428573,17.928571428571427,180.85714285714286,8.614285714285716,1020.1857142857143,,0.6794288614588837,5.337931658919108,10.687732228106881,11.383411766364816,8.757735120265606,11.383411766364816,702193224.0,572488989.0,27117621.0
692,2013-04-08,1.21614,13.814285714285715,11.500000000000002,16.685714285714287,185.16666666666666,4.7714285714285705,1016.0142857142857,,-0.6520259316682238,8.270729170742932,8.155117455046119,9.801486288344572,9.413959488737923,9.801486288344572,702193224.0,572488989.0,27117621.0
693,2013-04-15,1.21768,15.628571428571432,10.328571428571427,21.099999999999998,203.16666666666666,5.985714285714286,1015.4857142857143,1.9000000000000001,-3.435301010513454,7.319647637004687,9.040990650802017,10.101710036096819,4.547285892047888,10.101710036096819,702193224.0,572488989.0,27117621.0
694,2013-04-22,1.2167999999999999,14.757142857142856,9.942857142857145,19.4,207.4,5.442857142857143,1010.8428571428573,1.6714285714285713,-1.2388001275906355,7.629296707874394,10.933522517366535,11.534371194458313,9.493530591587865,11.534371194458313,702193224.0,572488989.0,27117621.0
695,2013-04-29,1.22814,12.114285714285716,8.485714285714286,16.1,132.0,7.128571428571428,1009.9285714285713,15.0,1.6054900653903412,3.230052830324178,10.74004451075205,7.929700857832241,11.910890927596293,7.929700857832241,702193224.0,572488989.0,27117621.0
696,2013-05-06,1.224925,13.342857142857142,8.128571428571428,18.157142857142855,123.66666666666667,9.814285714285715,1006.6142857142858,18.928571428571427,5.372725404176308,5.983935081055783,11.480348140561595,7.011933832546203,13.082635107217246,7.011933832546203,702193224.0,572488989.0,27117621.0
697,2013-05-13,1.2358600000000002,18.642857142857142,12.528571428571428,24.614285714285717,157.6,9.314285714285715,1010.8,7.828571428571428,3.0706072517074183,7.597348581314869,14.787539627225996,8.814969309306974,9.90087205756878,8.814969309306974,702193224.0,572488989.0,27117621.0
698,2013-05-20,1.24536,18.900000000000002,12.742857142857144,24.585714285714285,191.28571428571428,6.314285714285715,1014.4571428571429,3.2857142857142856,3.7948515503413165,7.674556213161569,11.284888185752488,8.622631890036013,16.09454686163507,8.622631890036013,702193224.0,572488989.0,27117621.0
699,2013-05-27,1.24958,22.828571428571426,17.542857142857144,28.34285714285715,190.6,5.914285714285714,1015.8714285714285,6.071428571428571,2.9274377975969137,6.7477263188471515,16.913293924395084,7.7310800372707895,15.415420387936631,7.7310800372707895,702193224.0,572488989.0,27117621.0
700,2013-06-03,1.2472400000000001,19.242857142857144,13.057142857142859,24.242857142857144,90.71428571428571,9.585714285714285,1016.4714285714284,1.4285714285714286,8.321943866486171,7.123958744833872,15.914972375699069,11.322084745401925,15.145341994264882,11.322084745401925,702193224.0,572488989.0,27117621.0
701,2013-06-10,1.2358600000000002,18.62857142857143,11.528571428571428,24.82857142857143,266.2857142857143,4.8428571428571425,1017.6857142857143,2.0428571428571427,5.482384754924802,7.93110018156835,17.250474602059487,6.583564693002773,18.080687856649533,6.583564693002773,702193224.0,572488989.0,27117621.0
702,2013-06-17,1.23096,22.95714285714286,17.314285714285717,29.02857142857143,304.3333333333333,6.285714285714286,1019.0857142857143,0.04285714285714286,10.341271120414445,4.9620994143210755,15.710683128064211,4.952655544904324,18.720634705777606,4.952655544904324,702193224.0,572488989.0,27117621.0
703,2013-06-24,1.2291599999999998,22.5,16.385714285714286,28.142857142857142,258.0,6.1000000000000005,1017.5857142857141,1.3142857142857143,13.010078907280175,7.675450839090269,17.619867027213775,7.50225923205549,18.965402162674675,7.50225923205549,702193224.0,572488989.0,27117621.0
704,2013-07-01,1.23068,23.02857142857143,16.685714285714283,29.75714285714286,151.2,5.985714285714286,1016.1999999999999,2.1,10.071892502113514,6.105830970819651,19.15090946655838,5.788377931265614,16.82271750288457,5.788377931265614,702193224.0,572488989.0,27117621.0
705,2013-07-08,1.23438,22.714285714285715,16.085714285714285,29.585714285714285,247.2,5.071428571428571,1016.1857142857143,4.728571428571429,13.596096543454252,7.740558223041838,16.822715121584288,6.874443742509735,24.874125445042324,6.874443742509735,702193224.0,572488989.0,27117621.0
706,2013-07-15,1.24176,23.457142857142856,17.257142857142856,29.842857142857145,217.66666666666666,5.571428571428571,1016.2428571428571,6.514285714285714,15.057429814491321,7.007736424992139,20.388614102610152,8.704345742981655,18.416601751275394,8.704345742981655,702193224.0,572488989.0,27117621.0
707,2013-07-22,1.23624,21.757142857142856,16.02857142857143,27.842857142857145,206.33333333333334,7.2285714285714295,1016.2142857142857,10.37142857142857,15.509676119266242,9.320111831663407,20.360650488359585,7.895677047343494,20.440823798198906,7.895677047343494,702193224.0,572488989.0,27117621.0
708,2013-07-29,1.2360799999999998,20.599999999999998,14.099999999999998,27.25714285714285,193.0,6.628571428571428,1018.1285714285714,1.3571428571428572,13.620414521333517,3.701097626021263,21.64412684820808,7.402944765986151,22.53290222805111,7.402944765986151,702193224.0,572488989.0,27117621.0
709,2013-08-05,1.23408,19.042857142857144,14.557142857142855,24.514285714285716,173.33333333333334,6.042857142857144,1012.8000000000001,0.7714285714285715,11.319302062048816,7.056736975569784,23.922208288898283,5.727191367052523,23.044768680666266,5.727191367052523,702193224.0,572488989.0,27117621.0
710,2013-08-12,1.23156,20.028571428571432,13.214285714285714,27.228571428571428,222.0,5.0,1020.3,1.1666666666666667,10.105943539619393,5.537814867134172,18.347019178762785,6.646873933723452,20.48573877609262,6.646873933723452,702193224.0,572488989.0,27117621.0
711,2013-08-19,1.2381199999999999,17.914285714285715,12.842857142857142,24.142857142857142,162.16666666666666,5.2285714285714295,1015.3571428571429,0.028571428571428574,12.082694845884133,5.6369112077206065,20.571824203448347,6.381557418813857,16.083769852885887,6.381557418813857,702193224.0,572488989.0,27117621.0
712,2013-08-26,1.23384,15.028571428571427,8.971428571428572,21.042857142857144,102.5,4.6571428571428575,1010.6,15.214285714285714,12.61626240544701,7.419581127315342,20.408999297108814,6.595444513691238,21.15942081387522,6.595444513691238,702193224.0,572488989.0,27117621.0
713,2013-09-02,1.23036,15.87142857142857,9.685714285714285,23.04285714285714,267.0,4.114285714285715,1018.4857142857143,2.6714285714285717,17.367226010037953,5.729216673403587,18.70754138299896,5.462722392056111,20.268134831237816,5.462722392056111,702193224.0,572488989.0,27117621.0
714,2013-09-09,1.23584,16.585714285714285,14.27142857142857,19.599999999999998,259.3333333333333,4.214285714285714,1012.5142857142857,0.0,12.015530692408753,5.8865344714095675,17.558099708975515,5.794621105134242,17.64123339437265,5.794621105134242,702193224.0,572488989.0,27117621.0
715,2013-09-16,1.2381,14.557142857142859,11.557142857142859,17.371428571428574,251.66666666666666,5.757142857142858,1020.5,2.757142857142857,7.0459603556269395,4.548745897331701,16.997844445246695,4.905242051694107,16.77451503956364,4.905242051694107,702193224.0,572488989.0,27117621.0
716,2013-09-23,1.23462,10.228571428571428,7.1000000000000005,15.071428571428571,161.0,5.014285714285714,1017.342857142857,9.728571428571428,12.95371422461807,4.940446094572205,20.89335034240911,6.341274772948741,16.17018921773734,6.341274772948741,702193224.0,572488989.0,27117621.0
717,2013-09-30,1.2272,12.342857142857142,9.014285714285714,15.714285714285717,225.0,3.7714285714285714,1021.6000000000001,6.171428571428571,10.261967337414703,5.2421293313265505,17.510733539325557,4.681005342214463,17.840688720391885,4.681005342214463,702193224.0,572488989.0,27117621.0
718,2013-10-07,1.22606,14.0,11.771428571428572,17.242857142857144,140.5,3.971428571428572,1020.2714285714286,23.514285714285712,9.648667605628937,5.84606848760691,13.101235704428584,6.725168283395303,16.061210451066017,6.725168283395303,702193224.0,572488989.0,27117621.0
719,2013-10-14,1.23112,10.414285714285715,6.528571428571429,15.0,91.6,4.785714285714286,1011.1142857142858,2.985714285714286,4.66166021718389,7.177735999800714,11.412770056959621,8.394301390535801,13.643521528038404,8.394301390535801,702193224.0,572488989.0,27117621.0
720,2013-10-21,1.23448,9.114285714285714,5.314285714285715,13.471428571428572,121.2,7.4,1016.7285714285715,2.6833333333333336,5.4118418304404825,5.939054681699453,12.258388670477112,6.8792879842071635,11.223531725684442,6.8792879842071635,702193224.0,572488989.0,27117621.0
721,2013-10-28,1.23312,7.542857142857144,5.314285714285715,9.700000000000001,138.5,3.3714285714285714,1013.2857142857141,3.3000000000000003,5.819522655213932,7.896538871111852,11.867382258831462,6.012645014828602,12.453361378829998,6.012645014828602,702193224.0,572488989.0,27117621.0
722,2013-11-04,1.23338,3.514285714285715,-0.10000000000000016,7.528571428571429,74.5,11.128571428571428,1016.1142857142856,8.77142857142857,3.4732317129966264,1.8543491777209362,13.325521639603881,4.610358634342257,7.324485106257783,4.610358634342257,702193224.0,572488989.0,27117621.0
723,2013-11-11,1.23092,-0.17142857142857143,-3.8285714285714287,7.314285714285715,107.4,2.7714285714285714,1025.1857142857143,0.9142857142857144,4.542097641684311,7.590474468997654,6.0008413545385855,6.359422748795497,9.416405993072818,6.359422748795497,702193224.0,572488989.0,27117621.0
724,2013-11-18,1.23286,1.9857142857142853,-3.1714285714285713,9.857142857142858,101.75,4.885714285714285,1028.9857142857143,0.0,4.976802250865983,5.349605791547457,7.786646611331694,4.250009519376749,6.766500896323169,4.250009519376749,702193224.0,572488989.0,27117621.0
725,2013-11-25,1.2317399999999998,0.12857142857142853,-3.9714285714285715,7.457142857142856,92.5,3.042857142857143,1030.4999999999998,0.0,1.8623068003734085,4.290047469583068,6.6347993282561255,4.544035053237821,8.249190600943983,4.544035053237821,702193224.0,572488989.0,27117621.0
726,2013-12-02,1.23118,4.457142857142857,2.8285714285714287,6.3428571428571425,175.75,4.028571428571429,1020.7857142857143,2.0,0.17031780367619237,6.900324578796597,3.9271028680085727,7.744244285999473,3.585164095452504,7.744244285999473,702193224.0,572488989.0,27117621.0
727,2013-12-09,1.2255800000000001,1.7,-1.9571428571428573,5.728571428571428,102.0,3.585714285714286,1020.0142857142856,34.1,-4.112507767286917,5.132826208371944,2.4952490833935452,4.958501675336716,3.303493564542598,4.958501675336716,702193224.0,572488989.0,27117621.0
728,2013-12-16,1.22164,2.1,-1.3714285714285714,6.828571428571428,85.0,3.357142857142857,1021.1857142857143,0.014285714285714287,-5.606713905305856,7.65341507455907,3.868129400850984,5.241217619515194,1.7753495636636873,5.241217619515194,702193224.0,572488989.0,27117621.0
729,2013-12-23,1.22396,2.5285714285714285,-0.6285714285714287,6.985714285714287,138.6,2.3428571428571425,1018.3000000000001,6.799999999999999,-0.35491002183467635,8.488786479508466,5.5523968314084735,2.9612953262936053,2.0900483156687195,2.9612953262936053,702193224.0,572488989.0,27117621.0
730,2013-12-30,1.2245333333333333,3.4285714285714284,0.7714285714285714,6.857142857142857,88.33333333333333,3.6999999999999997,1009.3428571428573,7.971428571428571,3.736189917776348,5.7214522262668135,4.654133909382763,9.434188799794317,3.1678585567823117,9.434188799794317,702193224.0,572488989.0,27117621.0
731,2014-01-06,1.230275,2.657142857142858,-1.5857142857142856,7.814285714285715,111.0,5.785714285714286,1007.4571428571428,12.200000000000001,2.238024721122746,4.613462891698484,5.072295429548592,12.004631552757333,3.899387739191041,12.004631552757333,702193224.0,572488989.0,27117621.0
732,2014-01-13,1.2360399999999998,3.5285714285714285,1.4,5.742857142857143,170.5,3.4428571428571426,1013.3571428571429,4.014285714285714,-2.5277033388290464,13.0341383198524,1.4924274591189648,10.635520166944746,2.6267791168612566,10.635520166944746,702193224.0,572488989.0,27117621.0
733,2014-01-20,1.23414,2.2857142857142856,-0.9571428571428571,6.857142857142856,121.66666666666667,3.585714285714286,1008.9285714285714,16.657142857142855,-2.505050200129409,9.893062902607141,4.204853602648648,5.3010588252587265,2.042834339310193,5.3010588252587265,702193224.0,572488989.0,27117621.0
734,2014-01-27,1.23084,5.571428571428571,2.414285714285714,9.842857142857143,136.0,4.285714285714286,1016.5166666666668,8.62857142857143,-6.601100909085402,9.306659064229313,0.8028163866629546,4.805561914689717,3.7460476381759538,4.805561914689717,702193224.0,572488989.0,27117621.0
735,2014-02-03,1.22424,5.471428571428571,0.38571428571428573,10.87142857142857,126.0,4.4714285714285715,1019.3142857142857,8.216666666666667,-7.673678074946909,11.615209458238947,6.207868601541925,8.273639584521998,3.448504092428568,8.273639584521998,702193224.0,572488989.0,27117621.0
736,2014-02-10,1.22264,6.471428571428571,2.4,11.200000000000001,161.25,4.757142857142857,1005.9571428571429,4.242857142857143,-2.193865497669984,8.315498609859265,6.098538843732795,7.0627308160106494,5.666999738889226,7.0627308160106494,702193224.0,572488989.0,27117621.0
737,2014-02-17,1.2228400000000001,7.928571428571429,0.6285714285714287,15.957142857142856,196.0,4.814285714285715,1027.142857142857,6.3428571428571425,-1.9244484769425467,8.618949735451642,1.59357343066942,7.6493866585327845,3.791080157876053,7.6493866585327845,702193224.0,572488989.0,27117621.0
738,2014-02-24,1.2208400000000001,12.442857142857141,3.0714285714285716,20.985714285714288,208.0,6.528571428571429,1020.0,0.0,0.2119093153812868,8.099311411246257,8.196885811893912,5.185127572481824,6.246255882336706,5.185127572481824,702193224.0,572488989.0,27117621.0
739,2014-03-03,1.21668,8.757142857142856,4.485714285714286,12.357142857142856,138.0,6.885714285714286,1010.7714285714285,0.0,-2.233997791323032,11.075658014972833,8.818018038289042,8.691515376503839,7.0071684834446755,8.691515376503839,702193224.0,572488989.0,27117621.0
740,2014-03-10,1.21862,11.157142857142857,3.8428571428571425,18.271428571428572,236.33333333333334,4.171428571428572,1016.4833333333332,13.428571428571429,-2.7077220222643676,9.048133321319769,2.8130776430381568,8.484849292996909,7.130729296602276,8.484849292996909,702193224.0,572488989.0,27117621.0
741,2014-03-17,1.2154399999999999,14.72857142857143,7.157142857142858,21.72857142857143,170.71428571428572,8.514285714285714,1015.0714285714287,0.0,-0.8207335450454121,3.773843638065433,7.321749156401452,13.184598936269225,4.639173344677321,13.184598936269225,702193224.0,572488989.0,27117621.0
742,2014-03-24,1.2179600000000002,14.799999999999999,7.928571428571428,20.114285714285717,115.66666666666667,11.814285714285713,1016.2142857142857,0.04285714285714286,0.6826254942417576,5.754827265186172,7.297042538335355,14.560515993007105,14.018849869136602,14.560515993007105,702193224.0,572488989.0,27117621.0
743,2014-03-31,1.2196,12.0,6.4142857142857155,17.814285714285713,237.0,4.971428571428571,1010.9000000000002,0.0,4.527251225293965,7.1911040409542775,9.838642828984424,9.791418761280854,10.299537091689343,9.791418761280854,702193224.0,572488989.0,27117621.0
744,2014-04-07,1.22028,13.328571428571427,8.814285714285715,18.12857142857143,156.16666666666666,5.971428571428571,1008.8571428571428,4.042857142857143,-1.4808720252234187,8.103344114269419,7.691385135529009,10.961169282794465,9.06265490089313,10.961169282794465,702193224.0,572488989.0,27117621.0
745,2014-04-14,1.2175799999999999,14.442857142857145,7.557142857142857,20.17142857142857,209.83333333333334,8.414285714285715,1014.3000000000001,10.471428571428572,-2.049982617749288,6.353958433661148,9.77696193427193,6.228635950343349,4.819494626416051,6.228635950343349,702193224.0,572488989.0,27117621.0
746,2014-04-21,1.2168666666666665,15.314285714285715,7.971428571428571,21.814285714285717,122.28571428571429,9.428571428571429,1015.0,1.9142857142857141,2.902906396596444,10.266299249138068,12.751340805609328,8.622422620224198,13.428300574087816,8.622422620224198,702193224.0,572488989.0,27117621.0
747,2014-04-28,1.2198,16.642857142857146,11.242857142857144,21.357142857142858,222.71428571428572,8.1,1016.4571428571428,0.5857142857142856,1.091909933846002,5.278889849365844,10.343025954734065,7.559532282763408,12.8943366283454,7.559532282763408,702193224.0,572488989.0,27117621.0
748,2014-05-05,1.2190750000000001,17.014285714285712,11.55714285714286,22.442857142857143,280.0,5.8428571428571425,1012.8571428571428,6.214285714285714,0.8694507662387692,5.52509879431296,11.651840342975579,10.910486488575222,13.180098231704138,10.910486488575222,702193224.0,572488989.0,27117621.0
749,2014-05-12,1.2186,17.442857142857143,11.62857142857143,22.599999999999998,177.14285714285714,6.542857142857143,1014.3166666666666,3.8142857142857145,5.411126464499082,5.859183578186893,12.840289338349702,8.644830033864435,14.146871424358478,8.644830033864435,702193224.0,572488989.0,27117621.0
750,2014-05-19,1.2213,22.142857142857142,14.428571428571429,29.514285714285712,217.25,5.957142857142857,1018.9857142857143,4.516666666666667,6.837510872368924,8.348478484023314,13.803512966339069,12.061657446775177,12.281508677685038,12.061657446775177,702193224.0,572488989.0,27117621.0
751,2014-05-26,1.2214800000000001,19.75714285714286,14.971428571428572,25.157142857142862,224.0,6.6571428571428575,1014.3285714285712,0.07142857142857142,4.705917434466551,10.71327316295646,18.437972290073898,7.514697652343397,12.71135290633038,7.514697652343397,702193224.0,572488989.0,27117621.0
752,2014-06-02,1.2214800000000001,20.585714285714285,14.771428571428572,26.000000000000004,192.42857142857142,7.228571428571429,1013.1857142857142,2.5857142857142854,6.685696288521013,10.55741211864019,14.917142505843671,7.783471166425415,17.844655827746088,7.783471166425415,702193224.0,572488989.0,27117621.0
753,2014-06-09,1.21996,18.828571428571426,13.799999999999999,23.157142857142855,197.71428571428572,6.885714285714285,1016.3714285714286,3.828571428571429,9.20028691551684,7.309542236182875,18.08716736316287,7.364344869023675,16.403860688102053,7.364344869023675,702193224.0,572488989.0,27117621.0
754,2014-06-16,1.2179,18.657142857142855,14.257142857142856,23.58571428571429,178.0,4.142857142857142,1012.3285714285714,18.5,9.270960854926487,7.382208124749511,16.320397610815903,4.402635821676045,21.892346692786223,4.402635821676045,702193224.0,572488989.0,27117621.0
755,2014-06-23,1.2174800000000001,21.3,14.566666666666665,27.700000000000003,213.83333333333334,5.716666666666668,1014.4,12.785714285714286,10.76594204676401,5.424914286043826,17.585864071207304,6.880438823810013,20.198103990813276,6.880438823810013,702193224.0,572488989.0,27117621.0
756,2014-06-30,1.21646,21.61428571428571,17.614285714285714,26.328571428571426,220.33333333333334,5.442857142857142,1012.8285714285714,0.85,10.250376053828589,6.430457396882058,19.713747936969355,5.4019481292571125,19.818291481380207,5.4019481292571125,702193224.0,572488989.0,27117621.0
757,2014-07-07,1.21474,19.514285714285712,15.214285714285712,23.871428571428567,152.83333333333334,5.371428571428572,1010.3000000000001,4.057142857142857,9.85587756279299,8.873727940842924,17.83272747026608,5.881880841566153,15.776835985883643,5.881880841566153,702193224.0,572488989.0,27117621.0
758,2014-07-14,1.21476,20.04285714285714,15.428571428571427,24.971428571428568,168.14285714285714,4.571428571428571,1013.2285714285714,10.428571428571429,9.358155172050182,8.585370668585723,19.22556796607526,10.316927966484469,21.583345069730765,10.316927966484469,702193224.0,572488989.0,27117621.0
759,2014-07-21,1.2146599999999999,20.285714285714285,17.071428571428573,24.585714285714285,242.0,4.257142857142857,1012.3142857142857,12.099999999999998,14.826454036841549,7.157732867107701,20.45761430233828,6.774326921116114,24.731545977193885,6.774326921116114,702193224.0,572488989.0,27117621.0
760,2014-07-28,1.2151,18.2,12.714285714285714,23.742857142857144,212.42857142857142,6.2142857142857135,1014.1428571428571,33.74285714285715,13.512743299215671,5.755907375959613,19.10913520646055,6.5474485123117505,22.778444626357196,6.5474485123117505,702193224.0,572488989.0,27117621.0
761,2014-08-04,1.21632,18.485714285714288,13.557142857142855,23.54285714285714,138.4,5.985714285714287,1014.0142857142857,1.1428571428571428,11.343418673109023,4.608584360073179,19.402819492772426,6.608459898734372,20.513243372278694,6.608459898734372,702193224.0,572488989.0,27117621.0
762,2014-08-11,1.21496,19.642857142857142,14.814285714285715,24.457142857142856,178.14285714285714,9.3,1014.1285714285715,3.6857142857142855,17.96356808757211,6.589904085928007,21.484989302979447,9.78083129680926,23.70501845180531,9.78083129680926,702193224.0,572488989.0,27117621.0
763,2014-08-18,1.2123599999999999,19.185714285714283,14.7,24.599999999999998,149.33333333333334,4.842857142857143,1013.657142857143,0.5714285714285714,12.40849731693568,7.116537835333256,19.802568832317895,6.62989727586173,19.23485135883714,6.62989727586173,702193224.0,572488989.0,27117621.0
764,2014-08-25,1.21012,17.142857142857142,12.542857142857143,22.25714285714286,246.57142857142858,4.885714285714285,1015.4,0.9714285714285715,11.817401388064104,4.60931020034927,18.9780036187649,7.987013147967655,19.45246457429501,7.987013147967655,702193224.0,572488989.0,27117621.0
765,2014-09-01,1.20694,16.357142857142858,11.457142857142857,21.757142857142856,136.5,5.8571428571428585,1016.4142857142857,1.342857142857143,13.699682825417007,5.534984074441692,14.65068744756108,6.961326742648504,19.140565462058056,6.961326742648504,702193224.0,572488989.0,27117621.0
766,2014-09-08,1.20676,15.328571428571427,9.642857142857142,21.871428571428567,148.25,3.8428571428571425,1025.7714285714285,0.2571428571428572,8.736732886917771,7.570832367351287,17.811505261595048,4.881590816776579,14.590187902677455,4.881590816776579,702193224.0,572488989.0,27117621.0
767,2014-09-15,1.2084,15.414285714285715,13.014285714285714,17.914285714285715,257.6666666666667,3.885714285714286,1018.6428571428571,0.014285714285714287,9.794309281585358,5.5147450473892325,17.335699494831402,6.917715368818593,17.2450505808156,6.917715368818593,702193224.0,572488989.0,27117621.0
768,2014-09-22,1.20816,15.614285714285714,13.514285714285716,18.214285714285715,138.5,4.214285714285714,1014.3142857142857,3.342857142857143,8.379694743849578,3.784903010332744,15.432326325355525,7.291814550422345,14.122484126729077,7.291814550422345,702193224.0,572488989.0,27117621.0
769,2014-09-29,1.2072800000000001,15.171428571428569,10.542857142857144,20.47142857142857,117.6,8.328571428571427,1017.9857142857143,34.9,8.946397553530243,3.108295899347499,14.126353353710808,5.253064038866213,12.010231641112796,5.253064038866213,702193224.0,572488989.0,27117621.0
770,2014-10-06,1.20858,10.0,4.628571428571428,15.528571428571428,165.33333333333334,4.328571428571428,1022.1857142857144,0.042857142857142864,8.415017934294015,7.137164287860898,14.059097346417829,6.573909851218082,16.47565745915596,6.573909851218082,702193224.0,572488989.0,27117621.0
771,2014-10-13,1.21046,8.97142857142857,5.057142857142857,13.542857142857143,117.25,6.871428571428573,1015.9571428571428,0.0,5.311634051436565,9.412720011952867,14.09652141015945,1.7306761909739894,15.268934506608145,1.7306761909739894,702193224.0,572488989.0,27117621.0
772,2014-10-20,1.207,10.014285714285714,7.714285714285714,12.842857142857142,73.0,2.9714285714285715,1012.0857142857143,38.871428571428574,4.622808487975818,4.747527059818367,10.885939134525042,9.154479525257708,9.325853800372933,9.154479525257708,702193224.0,572488989.0,27117621.0
773,2014-10-27,1.20634,6.885714285714285,3.714285714285714,11.342857142857143,141.5,3.371428571428571,1012.4714285714286,30.4,1.2382487054497893,5.95609141079258,7.430616767175337,4.853148010084969,13.12068161622229,4.853148010084969,702193224.0,572488989.0,27117621.0
774,2014-11-03,1.2059000000000002,6.214285714285714,3.142857142857143,10.842857142857142,144.8,2.685714285714286,1022.7285714285715,21.514285714285712,6.616506047434657,4.286234728092342,9.799098387082555,4.79688942845302,8.805218095973927,4.79688942845302,702193224.0,572488989.0,27117621.0
775,2014-11-10,1.2042199999999998,9.714285714285714,8.542857142857143,11.542857142857143,81.5,2.6714285714285717,1011.4142857142858,1.2714285714285716,-0.03476628215444322,5.7004181362722335,7.7414605618243035,5.903497402681795,6.159086256794151,5.903497402681795,702193224.0,572488989.0,27117621.0
776,2014-11-17,1.20186,5.1,1.542857142857143,9.542857142857143,145.0,4.257142857142857,1018.157142857143,8.757142857142858,2.034580393360833,4.5861981017370725,8.136299836369814,3.261254803774109,8.884310663576763,3.261254803774109,702193224.0,572488989.0,27117621.0
777,2014-11-24,1.20184,4.657142857142857,1.5,8.157142857142857,102.0,2.4571428571428577,1019.6428571428571,0.09999999999999999,3.85905809926707,6.955477003345881,6.5242416361815945,8.466972743921875,2.968844452791543,8.466972743921875,702193224.0,572488989.0,27117621.0
778,2014-12-01,1.20248,2.1714285714285717,-2.0,8.87142857142857,107.2,3.1285714285714286,1026.7714285714287,3.757142857142857,-0.0842838529508374,7.273666215539908,7.1441158870923935,7.83128163384261,4.859086629988849,7.83128163384261,702193224.0,572488989.0,27117621.0
779,2014-12-08,1.20302,2.5,-1.4714285714285715,6.5857142857142845,129.28571428571428,9.157142857142858,1023.2714285714286,0.0,-2.126121150495237,5.545436718290676,2.5014818815244353,9.093813953671221,4.031689451506064,9.093813953671221,702193224.0,572488989.0,27117621.0
780,2014-12-15,1.20156,1.7428571428571427,-2.9,8.585714285714285,122.57142857142857,4.485714285714286,1029.1000000000001,,-6.288000566538282,7.177522381431599,4.01692660641009,5.704426709256022,2.194279761443913,5.704426709256022,702193224.0,572488989.0,27117621.0
781,2014-12-22,1.2029,3.1714285714285713,-1.1714285714285713,8.371428571428572,117.28571428571429,4.542857142857143,1024.5142857142857,0.028571428571428574,1.3631409365978586,9.490316403741778,1.898780730005568,3.9662448277801956,3.2143700620715348,3.9662448277801956,702193224.0,572488989.0,27117621.0
782,2014-12-29,1.2028333333333334,2.1857142857142855,0.12857142857142842,5.028571428571429,124.0,2.685714285714286,1014.7142857142856,0.028571428571428574,0.9932597560215187,5.506441506458648,5.247246858042176,5.315747767060525,4.986996689819315,5.315747767060525,702193224.0,572488989.0,27117621.0
783,2015-01-05,1.20225,4.171428571428572,-0.48571428571428543,9.414285714285715,129.16666666666666,10.414285714285715,1015.0714285714284,24.185714285714283,1.1366101456837043,4.638986957570598,1.3349782650750885,15.356629329298087,1.1019726119506288,15.356629329298087,702193224.0,572488989.0,27117621.0
784,2015-01-12,1.2011,1.8428571428571427,-1.9285714285714284,6.771428571428571,103.5,4.728571428571428,996.5142857142857,0.0,-5.915806814054889,8.326581170760178,0.18408520646604476,12.455677297017344,3.750010337655138,12.455677297017344,832441469.0,722924781.0,70690956.0
785,2015-01-19,1.0909600000000002,4.385714285714285,-1.0,9.9,132.75,7.8999999999999995,1019.8857142857142,0.9285714285714286,-5.736497827933528,11.856711021331622,5.463707932018503,5.47878676519453,4.1058289072117,5.47878676519453,872606443.0,781008174.0,74373191.0
786,2015-01-26,0.9971399999999999,2.4,-0.8428571428571429,6.385714285714286,71.0,2.442857142857143,1025.6857142857143,0.042857142857142864,-3.3403550954499286,10.891324839134985,-0.4394087125127013,5.564628111526557,2.9723134833658515,5.564628111526557,876767644.0,823937122.0,90649462.0
787,2015-02-02,1.0354199999999998,4.471428571428571,-0.4571428571428572,9.471428571428572,123.6,8.314285714285715,1011.7857142857143,7.857142857142857,-2.2119136049283425,10.081804554072287,4.749605681771026,10.362445746791469,4.043415897227819,10.362445746791469,864750757.0,764412585.0,84342072.0
788,2015-02-09,1.05354,7.314285714285715,2.1714285714285713,12.642857142857142,64.8,9.314285714285715,1018.5714285714286,8.4,-2.190306793022488,8.374326358387517,7.184475452929407,5.257555237513403,3.4969830776455644,5.257555237513403,833677150.0,794108499.0,89245496.0
789,2015-02-16,1.05366,6.885714285714286,-0.5714285714285714,14.314285714285713,227.8,6.614285714285714,1026.257142857143,0.31428571428571433,-4.035866055111411,6.568561094263213,1.5744085648968373,6.063608502873937,3.4771788936318475,6.063608502873937,826906489.0,707730642.0,81682284.0
790,2015-02-23,1.07158,7.671428571428572,3.4285714285714284,12.157142857142857,244.66666666666666,4.414285714285714,1024.1571428571428,0.0,-3.5256672838182213,5.176261815203517,7.215414017766572,10.690419215769532,10.56432907425419,10.690419215769532,847197470.0,722493495.0,81433733.0
791,2015-03-02,1.07266,9.314285714285715,6.928571428571429,12.071428571428571,256.3333333333333,2.9285714285714284,1014.3285714285715,2.4285714285714284,0.2791504262793436,7.10347297801039,6.14065384403343,6.818764800416475,7.867292832484496,6.818764800416475,864895522.0,712573706.0,72569805.0
792,2015-03-09,1.07036,12.442857142857145,5.714285714285714,18.514285714285712,157.57142857142858,11.485714285714286,1012.3166666666666,2.385714285714286,-1.6371650389746486,5.929010233395801,6.672120641826657,8.60997806517677,4.7370883542338325,8.60997806517677,747974984.0,613136546.0,64105321.0
793,2015-03-16,1.06514,10.742857142857144,3.7714285714285714,16.314285714285717,202.28571428571428,10.814285714285717,1020.4857142857144,0.03333333333333333,-4.698012710020879,6.612846988100056,7.73714482184709,7.869464648740772,3.046021149210161,7.869464648740772,833773654.0,668674790.0,63966236.0
794,2015-03-23,1.0599,15.300000000000002,6.8,22.7,244.2,7.328571428571429,1024.457142857143,0.0,-2.73232034863931,6.6171249781964905,8.905550008256663,9.688951886770603,8.408203731546688,9.688951886770603,767296846.0,605523506.0,61913783.0
795,2015-03-30,1.0484200000000001,14.442857142857141,6.814285714285715,21.214285714285715,181.83333333333334,8.3,1017.9857142857144,0.0,0.6104741050808649,7.752845100253567,10.988661188748676,11.390936068447536,10.118584589781786,11.390936068447536,686673423.0,548976556.0,58244425.0
796,2015-04-06,1.0429666666666666,13.671428571428573,9.214285714285714,17.95714285714286,132.0,8.185714285714287,1013.3000000000001,0.014285714285714287,1.902194388348576,10.456053934624713,7.605683943993247,10.892085494229065,9.120989736004596,10.892085494229065,602593373.0,468137849.0,58331025.0
797,2015-04-13,1.0417200000000002,15.614285714285716,12.471428571428572,19.38571428571429,154.5,4.728571428571429,1013.3999999999999,14.385714285714286,-3.839408711504234,6.216977468601409,8.661165009214137,10.401281621063662,7.696541866322087,10.401281621063662,661369748.0,523185614.0,58924298.0
798,2015-04-20,1.03144,18.242857142857144,10.757142857142856,25.0,187.4,6.242857142857143,1017.9333333333333,3.2714285714285714,-1.1943768372838697,8.660211006978649,11.720445077771721,10.7534403056548,14.734688948373885,10.7534403056548,646341558.0,640221460.0,60286941.0
799,2015-04-27,1.0332599999999998,16.042857142857144,11.12857142857143,21.985714285714288,182.42857142857142,7.814285714285715,1012.9285714285714,1.5499999999999998,2.1696670269815033,5.942545128480061,11.581617393252895,7.2489441120547795,12.624385511383098,7.2489441120547795,538519920.0,589004100.0,63302479.0
800,2015-05-04,1.0468,17.24285714285714,11.042857142857143,22.7,183.5,10.228571428571428,1013.6999999999999,22.371428571428574,0.8778215842617962,5.413316304867233,12.233470245575123,9.1554991979348,10.374515494106618,9.1554991979348,429718985.0,561739834.0,72309202.0
801,2015-05-11,1.03762,19.38571428571429,13.485714285714286,25.357142857142858,291.0,5.5,1017.9857142857142,0.0,1.0489282319788975,6.549630625118727,14.20100786015299,13.417563813044659,12.00624640740298,13.417563813044659,255080851.0,562167317.0,90709259.0
802,2015-05-18,1.04274,22.142857142857142,16.04285714285714,28.37142857142857,192.5,7.771428571428571,1018.8285714285714,0.4428571428571429,5.384037701121614,7.41689115893193,11.690668042813906,8.545888859071376,13.17226609493492,8.545888859071376,212282001.0,683568285.0,96196992.0
803,2015-05-25,1.0401799999999999,18.685714285714283,14.985714285714286,23.457142857142856,227.66666666666666,4.742857142857143,1014.6714285714286,0.6428571428571429,7.353782974070762,8.262550854843283,14.061027984246461,5.732752350857359,13.693636478644592,5.732752350857359,236427240.0,639931518.0,94447956.0
804,2015-06-01,1.03396,20.47142857142857,14.228571428571428,25.9,175.83333333333334,8.071428571428571,1014.5571428571429,12.485714285714282,9.227397590785415,7.813830310839442,15.484349681640628,11.713153563900992,16.79466220129514,11.713153563900992,311265466.0,567302215.0,75033523.0
805,2015-06-08,1.04634,23.042857142857144,16.342857142857145,29.085714285714285,317.3333333333333,5.985714285714286,1018.8142857142857,2.4857142857142853,9.814236638366559,6.417886758221814,14.529930542705074,7.961575474789023,15.04013061817199,7.961575474789023,288676365.0,637214475.0,92848271.0
806,2015-06-15,1.0491,25.685714285714283,20.442857142857143,31.599999999999998,163.33333333333334,6.871428571428572,1016.9714285714284,0.0,8.731974132973875,7.900187568839355,17.64135325554077,6.647389316776926,16.942812240860064,6.647389316776926,336913414.0,708479252.0,117110636.0
807,2015-06-22,1.04522,24.714285714285715,17.62857142857143,31.22857142857143,237.8,6.285714285714286,1015.6714285714286,5.942857142857143,12.749757418375575,6.611457263806855,19.150034669363126,6.783225749111145,16.859018347332682,6.783225749111145,336043270.0,635391362.0,99861449.0
808,2015-06-29,1.04456,26.057142857142853,19.54285714285714,33.02857142857143,195.66666666666666,6.8428571428571425,1014.2833333333333,0.0,11.639262773868943,9.345851247753123,18.738041887310203,7.624879163208216,22.20991431304018,7.624879163208216,361516750.0,645795328.0,99849818.0
809,2015-07-06,1.0453,23.25714285714286,17.8,28.785714285714285,261.2857142857143,7.457142857142857,1008.1857142857143,1.1333333333333333,14.945738802792121,7.804881596235772,20.316208180683304,8.157115717734085,20.857126185102437,8.157115717734085,368321282.0,740669298.0,106531363.0
810,2015-07-13,1.04584,22.414285714285715,16.571428571428573,28.442857142857143,225.28571428571428,6.5857142857142845,1015.642857142857,4.914285714285714,12.776593962610015,7.775999328037048,19.974185182845073,11.233851764521797,17.846794661597226,11.233851764521797,367313641.0,731997628.0,100171957.0
811,2015-07-20,1.04284,24.37142857142857,18.514285714285712,31.142857142857146,134.8,7.2142857142857135,1015.8285714285714,1.2714285714285711,15.397552175522243,6.491724229056214,21.88902552778729,6.210764451305731,17.961608980356296,6.210764451305731,416140018.0,803827151.0,95704842.0
812,2015-07-27,1.05092,19.014285714285712,15.05714285714286,23.571428571428573,125.5,6.314285714285714,1012.3,1.0142857142857142,12.178471899102908,6.566845014393628,21.950440025279775,5.208751906902653,16.43072771705444,5.208751906902653,456412016.0,808073443.0,83826522.0
813,2015-08-03,1.0615400000000002,19.97142857142857,15.385714285714286,25.085714285714285,273.5,5.885714285714286,1016.7285714285714,7.414285714285714,12.27581515971879,4.385099441320234,18.818080084158506,6.499169441775541,17.62982736930857,6.499169441775541,407134299.0,561946001.0,42874900.0
814,2015-08-10,1.07098,21.085714285714285,16.014285714285712,27.17142857142857,204.4,5.3999999999999995,1017.1142857142858,9.785714285714288,14.263539247592433,4.979970614600392,20.60494873337292,10.00724955579121,22.25126583503137,10.00724955579121,399098882.0,514978990.0,55023188.0
815,2015-08-17,1.08576,17.02857142857143,12.028571428571428,22.457142857142856,115.28571428571429,6.828571428571428,1017.0142857142857,4.6000000000000005,13.027404405475622,5.456080449572622,20.469333533572122,5.803096305682852,18.731943107253237,5.803096305682852,473467234.0,431875735.0,60482243.0
816,2015-08-24,1.07734,17.04285714285714,15.271428571428572,20.357142857142858,229.2,5.442857142857143,1014.0285714285714,1.6428571428571428,12.096720275494963,6.114405668336677,18.501305364222112,8.502952334730061,22.29649534373558,8.502952334730061,541097890.0,376394842.0,61243013.0
817,2015-08-31,1.0803,15.771428571428574,10.42857142857143,21.142857142857142,119.83333333333333,8.9,1013.9857142857143,23.114285714285717,13.954670470351823,6.547102983712424,19.311984579319798,6.7894070299311196,19.70755359347075,6.7894070299311196,617865919.0,506805300.0,75128059.0
818,2015-09-07,1.0861,14.799999999999999,10.342857142857143,19.21428571428572,232.75,5.971428571428571,1023.2571428571429,7.857142857142857,8.618246352028157,9.911472137530868,17.02268737348399,6.978649627747343,17.948810012642276,6.978649627747343,628257916.0,511581754.0,72623735.0
819,2015-09-14,1.0949200000000001,14.35714285714286,11.385714285714286,18.585714285714285,243.83333333333334,3.942857142857143,1017.3999999999999,0.08571428571428572,12.254634461585024,3.1225033234708386,17.53865538055762,4.476434754046132,20.90690267746706,4.476434754046132,773776185.0,526801251.0,56705532.0
820,2015-09-21,1.09366,12.757142857142856,8.957142857142857,16.92857142857143,185.25,5.385714285714286,1011.7714285714285,13.328571428571431,10.363192419532549,5.5106701515348595,13.30366069297667,7.094172108638056,15.394274300625815,7.094172108638056,447778797.0,429337053.0,114671860.0
821,2015-09-28,1.0906600000000002,9.142857142857142,4.885714285714286,14.528571428571428,134.4,4.114285714285715,1016.7571428571429,6.849999999999999,8.879831847800356,7.065853416946374,13.030683395634203,7.40781304514538,15.182763859408345,7.40781304514538,515629603.0,634406189.0,121436658.0
822,2015-10-05,1.0916000000000001,9.799999999999999,5.085714285714286,15.785714285714286,66.0,3.4571428571428564,1021.0,1.842857142857143,5.9823920613831145,5.902840717647313,14.06525788077011,9.049511089993064,12.809844952263118,9.049511089993064,817548450.0,770220637.0,105939065.0
823,2015-10-12,1.092,8.971428571428572,4.042857142857144,15.871428571428572,162.5,2.5,1028.5285714285715,2.414285714285714,6.670762802073606,6.386067008247489,14.745999492906993,7.615223113618598,15.1263065382318,7.615223113618598,699326885.0,731074185.0,115553412.0
824,2015-10-19,1.0865399999999998,9.014285714285714,3.6714285714285717,17.942857142857143,118.33333333333333,2.2714285714285714,1027.1142857142859,0.04285714285714286,6.066043325133027,5.962094640812724,12.403390959361897,6.785715633335229,12.09678820824436,6.785715633335229,617638424.0,645634505.0,115018118.0
825,2015-10-26,1.08378,7.057142857142857,2.4428571428571426,13.085714285714285,108.33333333333333,2.8714285714285714,1023.3714285714286,0.0,6.340273662954608,4.735873135486749,10.171084432733297,6.887454277016766,14.3375627625094,6.887454277016766,782572049.0,581368653.0,109094370.0
826,2015-11-02,1.0883,4.514285714285714,-0.5000000000000002,10.528571428571427,86.8,6.671428571428572,1010.7714285714285,0.0,5.0858318891942496,6.4837502170625045,11.303781109134878,6.095774196594889,9.105281945458602,6.095774196594889,879838832.0,667014651.0,100591109.0
827,2015-11-09,1.0832,2.728571428571428,-2.4714285714285715,10.857142857142858,115.75,3.7857142857142856,1023.9142857142859,0.0,1.143712113480624,5.908799551600989,8.027787622084709,5.448929066577236,6.693247853729444,5.448929066577236,873286217.0,700599842.0,87103677.0
828,2015-11-16,1.07788,2.042857142857143,-2.2285714285714286,9.142857142857142,116.66666666666667,3.042857142857143,1036.1571428571428,0.0,0.5340449371426665,5.604000662117468,7.538424108732039,7.001839020935335,7.532976368045236,7.001839020935335,896571399.0,774957566.0,84845106.0
829,2015-11-23,1.08458,0.6857142857142858,-3.0142857142857147,7.5,100.0,2.042857142857143,1029.6,0.0,3.387100936385914,5.581149562661312,7.332895111345322,9.88775860101278,6.227734692789492,9.88775860101278,922330323.0,770059317.0,79499891.0
830,2015-11-30,1.08646,2.3857142857142857,-1.2142857142857142,9.142857142857142,112.25,2.457142857142857,1032.4857142857143,0.0,-3.1437496501407227,7.046829845241015,2.22868200978619,8.26602873052651,6.41108318342169,8.26602873052651,838705512.0,821682817.0,103579236.0
831,2015-12-07,1.0868,0.07142857142857142,-3.4,7.3,109.0,2.0428571428571423,1033.3142857142857,0.04285714285714286,-2.29107729269036,6.967261100299939,4.3119766080253115,6.228524810147598,2.2923432797219454,6.228524810147598,955544545.0,862140465.0,90817758.0
832,2015-12-14,1.08092,1.5714285714285714,-1.2142857142857142,4.714285714285714,112.6,3.3000000000000003,1009.7857142857143,1.5285714285714285,-2.677480672013012,7.401121747991735,3.651379494975722,5.269741779572457,2.704612807610097,5.269741779572457,955790042.0,725536441.0,65995232.0
833,2015-12-21,1.0806799999999999,3.6142857142857143,-0.2285714285714286,7.485714285714286,127.0,4.3,1008.3,3.9285714285714284,-0.3860940456264128,8.523115874734298,-0.0873473564544276,2.9733503418625795,-0.03613984412276805,2.9733503418625795,907746783.0,636943748.0,65338899.0
834,2015-12-28,1.08185,0.3857142857142857,-4.457142857142857,5.614285714285714,83.25,6.985714285714286,1018.7285714285714,0.0,0.5894721508733103,4.708382277874916,3.1779107883061863,7.5750313316675815,5.366374783935552,7.5750313316675815,915099283.0,575558797.0,37732282.0
835,2016-01-04,1.08465,1.2,-3.5857142857142854,9.028571428571428,131.33333333333334,2.314285714285714,1032.5285714285715,0.0,-0.010279337173405567,7.805913131989917,2.430130282892208,7.605241444531837,5.835577710771696,7.605241444531837,895872554.0,539443628.0,38370791.0
836,2016-01-11,1.08582,6.028571428571429,1.2571428571428573,12.157142857142857,218.5,5.542857142857143,1023.9428571428572,0.14285714285714285,-3.691220499009722,10.837111277724292,6.168883649890386,5.0793251869282265,2.0148388787441363,5.0793251869282265,899941574.0,512923614.0,46421033.0
837,2016-01-18,1.09256,4.171428571428572,0.01428571428571433,8.471428571428572,125.8,4.685714285714286,1015.5000000000001,13.271428571428572,0.7801245334948657,12.324631437213897,1.8117429086414114,7.691451013127787,6.847187170501606,7.691451013127787,995459127.0,630124187.0,59862078.0
838,2016-01-25,1.0946799999999999,3.2199999999999998,-0.45999999999999996,6.82,195.66666666666666,3.34,1008.54,1.4200000000000002,-4.981571597143024,11.326524567837756,2.784231784001951,8.683676135305744,3.5052756591987353,8.683676135305744,879473458.0,641990237.0,67230101.0
839,2016-02-01,1.10738,7.3428571428571425,1.8857142857142857,12.900000000000002,149.5,6.6,1017.4571428571428,0.7857142857142857,-1.2680081502154483,8.142664819908333,2.017497543768803,9.938326578326944,5.507769379332437,9.938326578326944,936463200.0,653952231.0,48800634.0
840,2016-02-08,1.11166,6.8,2.028571428571429,10.299999999999999,126.0,8.32857142857143,1007.8000000000001,6.133333333333334,-3.891216736351648,7.8871196222750495,1.9831206651529394,3.868336362058689,2.546296883440524,3.868336362058689,899723636.0,679271694.0,29658003.0
841,2016-02-15,1.09964,3.6285714285714286,-1.6142857142857143,9.728571428571428,132.6,5.171428571428572,1006.2571428571428,10.700000000000001,-3.4797127697528363,10.002337865769622,1.677104464996009,8.487610253516655,4.847297879817661,8.487610253516655,924200223.0,700531868.0,47775245.0
842,2016-02-22,1.1020999999999999,6.742857142857142,1.5999999999999999,12.299999999999999,202.0,5.6571428571428575,1021.3714285714286,1.6285714285714286,-0.20501533281876066,6.577610139455622,8.711238994405187,2.4864524900697225,6.606360631681347,2.4864524900697225,866363289.0,666041301.0,54962707.0
843,2016-02-29,1.09226,9.65,0.9166666666666666,17.233333333333334,236.16666666666666,6.133333333333333,1013.25,0.0,1.7310655114182767,8.378079163277766,5.003186249346976,8.074425339171889,5.4879793421775585,8.074425339171889,951395376.0,686657188.0,50456036.0
844,2016-03-07,1.0881,10.771428571428572,6.128571428571428,15.100000000000003,259.2,5.285714285714286,1016.157142857143,3.283333333333333,-2.5007745772938375,8.522915419187242,5.7520682568333035,6.79684188029485,4.448245629660848,6.79684188029485,865467045.0,630122799.0,60047864.0
845,2016-03-14,1.0957599999999998,13.457142857142857,9.871428571428572,17.357142857142858,226.5,4.185714285714285,1014.6714285714287,3.185714285714286,-4.050531073697391,6.525888128683789,7.56359078620497,7.311271599475222,8.842653305391718,7.311271599475222,874851945.0,657832465.0,70056980.0
846,2016-03-21,1.09416,13.0,7.742857142857142,18.27142857142857,214.4,8.357142857142858,1009.6500000000001,4.1,0.6980519555393534,7.184119351841944,7.588761853023626,2.5304132007493605,7.800539528135643,2.5304132007493605,913468173.0,711085299.0,50064821.0
847,2016-03-28,1.0885333333333334,13.271428571428572,8.385714285714286,17.37142857142857,215.28571428571428,8.957142857142857,1016.5142857142856,10.757142857142858,2.827582233429382,7.992893763439353,7.882097902876182,7.789321334544252,11.101107260008446,7.789321334544252,825145692.0,613300136.0,49801900.0
848,2016-04-04,1.09248,12.171428571428569,6.785714285714285,16.971428571428568,192.85714285714286,10.542857142857144,1008.8999999999999,1.2571428571428573,-0.6457231002241814,9.358725102758735,8.442355366813308,12.17450645443409,6.263877572807288,12.17450645443409,720978548.0,624700183.0,58685161.0
849,2016-04-11,1.08828,13.614285714285714,7.257142857142858,18.87142857142857,163.0,11.6,1016.7,2.5285714285714285,-5.298100507274215,7.524435592723948,8.286169329207556,13.279655304743448,9.001791787103032,13.279655304743448,612139383.0,620250426.0,76363326.0
850,2016-04-18,1.08948,13.5,10.428571428571429,17.099999999999998,233.33333333333334,3.442857142857143,1013.4285714285716,13.957142857142857,0.33479707425571026,8.74485326408188,10.061968583377721,13.46719130085658,12.358024426559178,13.46719130085658,570278976.0,573973021.0,83746849.0
851,2016-04-25,1.09628,14.571428571428571,8.242857142857142,20.2,228.0,7.871428571428571,1010.3428571428569,3.742857142857143,-1.0900942690229734,5.655661324963084,12.999610914084968,7.581202734032759,13.176839360871359,7.581202734032759,455749118.0,579483682.0,102687319.0
852,2016-05-02,1.0991,16.714285714285715,8.614285714285716,23.428571428571427,172.0,7.871428571428572,1013.9833333333332,6.716666666666668,1.2112694046378287,6.1635337683529725,12.244466041143099,8.677452282420354,10.143749741395343,8.677452282420354,362906128.0,429429892.0,90391019.0
853,2016-05-09,1.10222,16.9,13.728571428571426,20.571428571428573,262.3333333333333,4.728571428571429,1012.1999999999999,12.214285714285714,3.038299049663172,7.260441824675358,16.638757384007814,9.879114280889246,13.99295034571628,9.879114280889246,369955735.0,410324433.0,54465512.0
854,2016-05-16,1.1064800000000001,18.585714285714285,14.128571428571428,24.2,251.5,4.8428571428571425,1015.1,4.771428571428571,7.453266790442822,8.422493103419919,13.842362558707642,14.280458983384984,15.098630315780307,14.280458983384984,347770600.0,534293828.0,87391425.0
855,2016-05-23,1.10966,17.871428571428574,13.442857142857145,22.25714285714286,224.85714285714286,6.742857142857142,1006.1999999999999,10.071428571428571,3.2377821481980886,7.7095553582565355,15.46333007575299,7.3205174299876195,15.687865079725016,7.3205174299876195,362306585.0,554328699.0,77507696.0
856,2016-05-30,1.10658,19.74285714285714,13.957142857142856,25.87142857142857,194.75,6.542857142857144,1018.1857142857143,11.214285714285712,10.75572652075118,8.635591727440117,15.79683135902204,11.171873637953565,18.381264254646467,11.171873637953565,360241355.0,613552074.0,90729346.0
857,2016-06-06,1.10524,21.957142857142856,16.285714285714285,27.442857142857143,126.2,7.57142857142857,1015.1285714285714,4.814285714285715,1.6680330040967046,8.736068006705912,17.82419420216498,7.564040356696846,12.559738262569624,7.564040356696846,242761197.0,622645733.0,103630162.0
858,2016-06-13,1.0922,22.2,16.514285714285716,27.685714285714287,193.0,6.07142857142857,1016.1285714285715,1.3166666666666667,7.770482626807189,5.024911421062162,24.551209566804154,7.4107395180204545,19.78710704136465,7.4107395180204545,300845942.0,600452085.0,111271342.0
859,2016-06-20,1.08326,22.642857142857142,17.271428571428572,28.785714285714285,188.28571428571428,7.8,1014.0714285714286,4.4714285714285715,9.371220092686606,7.490912871481297,21.41344394870203,7.395920789849066,19.19473774006148,7.395920789849066,316393218.0,613312663.0,125899052.0
860,2016-06-27,1.082,22.342857142857145,14.199999999999998,29.02857142857143,143.2,7.7285714285714295,1017.9142857142858,0.0,10.276136759215985,6.302557458030715,20.60854830957472,10.260650695779548,18.166074344225414,10.260650695779548,307413261.0,636617748.0,119622829.0
861,2016-07-04,1.0848,22.157142857142855,17.757142857142856,27.499999999999996,163.6,5.214285714285714,1016.0142857142857,3.5714285714285707,14.89262986425289,6.697998746496285,20.503357131272544,6.3150960689537134,21.261357883719924,6.3150960689537134,332716678.0,728136245.0,103877836.0
862,2016-07-11,1.084,22.714285714285715,16.842857142857145,29.157142857142855,208.5,6.542857142857144,1014.7285714285714,6.071428571428571,13.958895537025407,6.333324592564873,20.577943081113684,9.78598936496027,21.48673475645522,9.78598936496027,392088663.0,744155239.0,81286621.0
863,2016-07-18,1.08962,20.957142857142856,15.185714285714285,26.442857142857143,78.66666666666667,9.428571428571429,1017.6428571428571,10.714285714285714,13.450104826042786,8.055416378700707,19.61527658630403,10.094762504586939,21.460271213798425,10.094762504586939,347083401.0,701319724.0,67913330.0
864,2016-07-25,1.0866,20.900000000000002,14.657142857142857,27.54285714285714,152.6,5.528571428571428,1018.0142857142857,0.016666666666666666,18.868541762994198,6.104684367384865,19.789035042014714,6.058024169234674,19.42486176175392,6.058024169234674,367485397.0,821553905.0,78898948.0
865,2016-08-01,1.0864,21.171428571428574,16.071428571428573,26.571428571428573,127.57142857142857,5.928571428571428,1018.8714285714285,3.7857142857142856,14.704347888236851,7.50726498669253,20.143714406038317,7.598162929725613,18.345199922345643,7.598162929725613,422235398.0,799348037.0,63959927.0
866,2016-08-08,1.0844799999999999,22.64285714285714,17.657142857142855,28.042857142857144,258.6,5.7,1019.1285714285715,0.1142857142857143,11.981083833396907,7.9483616689284045,18.200114446070515,6.844733711512481,21.457640223044255,6.844733711512481,446227234.0,626846309.0,56523921.0
867,2016-08-15,1.08924,22.357142857142858,15.957142857142857,29.014285714285712,171.83333333333334,7.8,1017.1142857142858,0.014285714285714287,14.139893975280554,5.239389926624465,20.992351727975556,6.496116100019757,20.98793109565002,6.496116100019757,474766568.0,449352677.0,35374113.0
868,2016-08-22,1.08606,21.128571428571433,15.528571428571427,28.057142857142857,221.8,5.371428571428572,1016.3571428571429,6.714285714285714,13.082080631563539,5.6394494913187,18.968957450532635,5.512196255851712,17.88029946625293,5.512196255851712,533669054.0,443726649.0,36635489.0
869,2016-08-29,1.09124,17.328571428571426,13.171428571428573,22.32857142857143,159.6,6.371428571428572,1013.7857142857143,2.5285714285714285,13.680060166629568,4.895473354900998,17.962393344334544,6.442416681283045,19.8325766236653,6.442416681283045,612914417.0,565220054.0,33800834.0
870,2016-09-05,1.0954000000000002,16.97142857142857,11.985714285714284,23.0,248.66666666666666,5.028571428571429,1024.2142857142858,0.0,10.045559331274344,6.578398542399899,15.853546056483419,5.368863211916913,21.19009045480196,5.368863211916913,687087234.0,664767522.0,40907430.0
871,2016-09-12,1.0927,14.828571428571427,9.714285714285714,20.285714285714285,205.4,5.557142857142858,1018.3285714285715,0.9714285714285714,11.228911962193791,6.739378453687203,15.480165653898228,6.164330450679253,18.380639404307622,6.164330450679253,601390747.0,649811906.0,37369893.0
872,2016-09-19,1.09414,9.4,4.871428571428573,14.471428571428572,199.0,4.071428571428571,1017.1571428571427,1.8000000000000003,11.325743182617419,7.757389354026942,15.21569941953791,5.913310670061584,19.25090891863643,5.913310670061584,580851875.0,590058867.0,47375560.0
873,2016-09-26,1.0897000000000001,11.028571428571427,6.771428571428571,15.842857142857142,127.0,3.642857142857143,1018.7857142857143,8.828571428571427,9.22455331824941,4.157989024533518,17.756047246763668,6.635823707565985,14.70620925851184,6.635823707565985,613196741.0,518752335.0,53319316.0
874,2016-10-03,1.08882,9.8,6.614285714285715,13.299999999999999,102.66666666666667,2.7714285714285714,1021.342857142857,2.357142857142857,9.79983265156694,6.459885651747654,12.003786211913013,9.472785964623458,9.53751646992595,9.472785964623458,648920552.0,446207823.0,50431641.0
875,2016-10-10,1.09512,9.200000000000001,3.7285714285714286,15.542857142857143,132.5,3.828571428571429,1024.757142857143,0.0,2.8253909748176262,6.5322074794752005,13.984441308650151,4.98995185969425,11.96389110809712,4.98995185969425,788393618.0,453067805.0,43963933.0
876,2016-10-17,1.09018,7.1,2.7571428571428576,11.071428571428571,120.66666666666667,6.257142857142858,1009.1999999999999,3.3714285714285714,7.920204981362034,5.824934774965909,7.285008708230269,5.303914983749552,13.914958992668303,5.303914983749552,617618256.0,281836231.0,60750718.0
877,2016-10-24,1.08476,5.500000000000001,0.8714285714285717,10.257142857142856,99.6,4.385714285714285,1022.9571428571428,0.14285714285714285,3.9270955706058412,6.164235520048705,11.98122046931901,5.579745967969464,13.002382450893538,5.579745967969464,606809838.0,289888209.0,64653485.0
878,2016-10-31,1.08398,8.4,6.857142857142857,9.614285714285714,148.66666666666666,2.6571428571428575,1018.5285714285714,23.099999999999998,4.286216390522551,4.750698251646826,9.612439066513412,4.8627942912613165,8.425166616853879,4.8627942912613165,720138371.0,359336728.0,54044552.0
879,2016-11-07,1.0792,5.1000000000000005,1.1857142857142857,9.785714285714286,119.2,3.657142857142857,1021.6714285714287,3.357142857142857,1.1115759166924801,6.83521028386137,15.167209448645444,4.959487920455789,9.829686390360218,4.959487920455789,812344656.0,325760744.0,38402125.0
880,2016-11-14,1.07608,2.4,-1.3,8.714285714285714,113.0,2.3285714285714287,1028.4857142857143,0.0,0.8611324322975691,6.728883126619333,6.21535192990625,4.067641526886548,8.178542397975619,4.067641526886548,802506103.0,352958951.0,59523239.0
881,2016-11-21,1.07342,-0.05714285714285713,-3.5428571428571423,6.228571428571428,123.0,2.2285714285714286,1027.6285714285714,0.0,1.065477649803684,6.170509331135944,6.6349303530323915,3.052307421481687,6.2975937295633555,3.052307421481687,859804793.0,410815331.0,42230181.0
882,2016-11-28,1.0735,1.4000000000000001,-2.1999999999999997,6.4142857142857155,87.66666666666667,3.0,1033.0285714285712,0.2714285714285714,1.4679527427894863,8.930971755476303,4.859365608742685,6.62057541107137,1.1365249651754525,6.62057541107137,974140007.0,559455983.0,64365080.0
883,2016-12-05,1.07734,4.185714285714286,-0.38571428571428584,10.985714285714286,134.0,5.557142857142857,1031.7285714285715,0.0,-4.206762873634699,8.738476609243095,2.992546206822623,5.463795718861445,0.07373115311917422,5.463795718861445,796182952.0,427776898.0,75907577.0
884,2016-12-12,1.08096,0.8571428571428571,-3.3714285714285714,7.328571428571428,103.75,5.471428571428572,1025.2857142857142,0.0,-7.962014658631553,7.619684372104863,0.13590859166370484,6.673697295156861,6.003354548080219,6.673697295156861,769117193.0,350994735.0,77067537.0
885,2016-12-19,1.07364,-1.8142857142857145,-5.457142857142857,2.3142857142857145,129.0,4.8428571428571425,1023.0285714285714,0.34285714285714286,2.9730360633480455,8.234340957802988,2.941895436926882,6.153813887972706,7.190663759577907,6.153813887972706,756421893.0,451014837.0,84820544.0
886,2016-12-26,1.069825,0.9285714285714287,-3.457142857142857,6.071428571428571,102.14285714285714,8.614285714285714,1018.9142857142857,0.17142857142857143,2.8758311598650055,8.100136671565025,5.358804665866215,5.792616996534443,6.728084967780224,5.792616996534443,737206656.0,386823680.0,82125017.0
887,2017-01-02,1.07264,-1.9428571428571428,-7.085714285714286,6.8428571428571425,117.5,2.5285714285714285,1028.014285714286,0.0,-0.7368884247014773,6.905493437533755,7.078794666120373,-4.765412210993406,4.352412753381269,-4.765412210993406,827104023.0,358647887.0,51025354.0
888,2017-01-09,1.07118,1.8,-2.057142857142857,6.271428571428571,151.33333333333334,2.4571428571428577,1024.5142857142857,1.8714285714285714,-1.1541124398278342,9.289180547598408,5.820431943939532,8.209685711877789,1.4543511749223936,8.209685711877789,828484950.0,390659871.0,63667838.0
889,2017-01-16,1.07274,4.957142857142857,1.3571428571428572,7.885714285714285,138.0,6.3428571428571425,1013.3714285714286,7.228571428571429,-2.3006980974299864,10.460127454819633,2.2167850834590457,5.716628594188167,3.4630628878123146,5.716628594188167,883480178.0,510934347.0,74308058.0
890,2017-01-23,1.07202,4.5,0.3285714285714287,9.328571428571427,183.0,3.014285714285714,1029.9428571428573,1.6285714285714286,-3.3337815799882313,12.735525581460129,1.9681831566673988,7.559908246301286,-0.4774737870139971,7.559908246301286,836775400.0,474370783.0,84861871.0
891,2017-01-30,1.07042,4.985714285714286,-0.9,11.742857142857142,199.4,4.185714285714285,1021.9142857142857,0.0,-2.1041149438530065,10.380141543190534,6.957671779849479,12.444796449993067,4.772710245718255,12.444796449993067,829636155.0,364316683.0,74060403.0
892,2017-02-06,1.06806,7.171428571428571,1.6428571428571426,12.971428571428572,198.8,6.442857142857144,1014.1999999999999,3.4,-1.4653698270768396,9.760608619135398,3.961141622718141,9.885255865494056,3.1732231069312684,9.885255865494056,1106663898.0,474258601.0,50034680.0
893,2017-02-13,1.06618,7.8428571428571425,3.1000000000000005,12.6,146.0,6.528571428571428,1013.1571428571427,6.257142857142858,1.4108970942840546,8.778411493742146,5.878638432581694,7.719483264448808,7.008318618866076,7.719483264448808,1067939974.0,458856304.0,48686454.0
894,2017-02-20,1.0649000000000002,9.77142857142857,1.8857142857142857,17.242857142857144,183.8,7.114285714285713,1022.3857142857144,0.0,-1.9367016674330744,7.146979480318126,6.920950485457622,7.756344493688868,6.328187195282972,7.756344493688868,1037920585.0,423860728.0,38643262.0
895,2017-02-27,1.06514,12.299999999999999,6.957142857142857,17.571428571428573,234.0,5.828571428571428,1013.0,9.685714285714287,-2.4105566586672524,7.594034053805657,10.847441935524754,6.5228499682478045,10.657576929593457,6.5228499682478045,877609264.0,485013649.0,40459631.0
896,2017-03-06,1.0663,12.057142857142859,5.985714285714286,18.057142857142857,240.5,5.742857142857143,1023.2142857142857,1.6571428571428568,-4.726023239917643,6.710216536340868,6.1515930867249,5.097489610583351,9.010533999156193,5.097489610583351,879580391.0,544161974.0,46032263.0
897,2017-03-13,1.07266,14.157142857142858,7.885714285714286,20.757142857142856,203.2,7.014285714285713,1017.7285714285715,1.842857142857143,-3.8565847501371935,7.5244002337742755,6.724642587722115,8.406083477703971,10.2714042739828,8.406083477703971,824914489.0,542249277.0,43766237.0
898,2017-03-20,1.0710799999999998,15.314285714285713,6.6000000000000005,22.785714285714285,243.0,7.328571428571428,1018.4142857142857,0.0,-0.9441952935582347,8.104650967618756,7.047782972656709,9.76788869271283,12.406466494463768,9.76788869271283,844858503.0,667282322.0,40904398.0
899,2017-03-27,1.0718999999999999,12.785714285714286,5.5,18.62857142857143,149.16666666666666,10.742857142857144,1016.157142857143,0.0,1.8020389406437758,6.025288596382228,10.370553866455477,6.361090997061636,9.903531275432218,6.361090997061636,736319697.0,689050135.0,53461394.0
900,2017-04-03,1.06962,11.4,6.3999999999999995,15.94285714285714,188.2,8.114285714285714,1016.0000000000001,19.357142857142858,-4.435064373952468,9.021624307179092,8.75595160752622,10.52585640474047,8.346858629248437,10.52585640474047,710575192.0,635121501.0,50759736.0
901,2017-04-10,1.0692,9.9,4.757142857142857,15.442857142857141,212.83333333333334,6.342857142857143,1015.4,9.528571428571427,-4.066433367476497,9.066901555396923,12.839465676850095,9.609521509437727,11.593648104577571,9.609521509437727,569149920.0,478185354.0,45173650.0
902,2017-04-17,1.0686666666666669,14.157142857142858,8.828571428571427,19.542857142857144,233.57142857142858,6.285714285714286,1011.8857142857142,6.457142857142856,-4.145220071358958,9.7007078751291,11.925449089977215,9.386542430893611,10.954359628401788,9.386542430893611,595063619.0,553077322.0,59224881.0
903,2017-04-24,1.07126,17.771428571428572,11.242857142857144,24.185714285714283,223.4,6.171428571428571,1018.5999999999998,1.7428571428571427,-1.4157512117681788,1.9752183331085775,11.83190279274284,7.449004504919929,11.60544248742724,7.449004504919929,521302996.0,461630327.0,65229511.0
904,2017-05-01,1.0828,18.457142857142856,10.542857142857144,25.185714285714287,189.8,6.642857142857143,1016.8857142857144,5.1571428571428575,2.5760929910419743,5.659027660674425,12.677494953368692,8.665367157502065,13.65228379125488,8.665367157502065,539909189.0,458325979.0,69297315.0
905,2017-05-08,1.0844799999999999,22.12857142857143,16.614285714285714,27.71428571428572,280.0,6.728571428571428,1017.7857142857141,0.0,6.537376448895222,8.449417576166523,9.127886155623594,6.07959206505903,13.138077419748056,6.07959206505903,550712189.0,441227331.0,65209983.0
906,2017-05-15,1.0949200000000001,19.2,14.157142857142858,24.214285714285715,168.66666666666666,7.671428571428572,1014.2142857142856,20.45,4.685016113842353,6.681798702657513,12.768097060641683,4.735325576426003,13.479806920547206,4.735325576426003,521986145.0,495942838.0,65251606.0
907,2017-05-22,1.0917400000000002,22.585714285714285,16.957142857142856,28.185714285714287,309.75,6.1,1015.4857142857143,0.8571428571428571,10.302200657283276,5.974970879050982,16.196984297611593,5.705698541138139,13.913596412081178,5.705698541138139,359776294.0,531052733.0,91004472.0
908,2017-05-29,1.0906600000000002,25.1,19.657142857142855,30.41428571428571,210.5,9.085714285714285,1016.9428571428571,0.014285714285714287,6.166858251800682,8.291082601430782,17.547249397095158,8.190023783072768,17.47762391600799,8.190023783072768,339421545.0,600505397.0,74940214.0
909,2017-06-05,1.08862,21.771428571428572,17.0,26.757142857142856,157.85714285714286,6.471428571428571,1010.1714285714286,28.214285714285715,4.7992350260049,6.422279338863083,15.760446432596272,6.60947515843164,16.564767559860233,6.60947515843164,287234299.0,675435311.0,89031126.0
910,2017-06-12,1.0854,20.62857142857143,13.5,27.228571428571428,155.8,6.6000000000000005,1016.0,0.9833333333333333,9.465833188946847,6.021928045246532,18.437951661706553,6.90261408284386,15.871537420598948,6.90261408284386,402487063.0,524746106.0,85535821.0
911,2017-06-19,1.08706,23.54285714285714,18.27142857142857,29.27142857142857,169.83333333333334,6.028571428571428,1014.0142857142857,1.6,12.982537734961282,6.260957439897721,17.20157113641875,7.025885040553153,15.530315337792766,7.025885040553153,438003940.0,624517271.0,83033265.0
912,2017-06-26,1.0862,23.071428571428573,16.657142857142855,28.571428571428573,221.28571428571428,8.057142857142857,1016.657142857143,0.0,15.224680455239456,5.547304483417413,20.711853087185425,6.917032159494749,22.739407452361853,6.917032159494749,440312223.0,594231486.0,84804770.0
913,2017-07-03,1.09208,21.900000000000002,15.87142857142857,27.657142857142855,142.28571428571428,7.228571428571428,1010.3142857142857,8.2,13.27766861718508,5.7847386062179735,23.614708075423692,6.475351100569308,19.634289480997317,6.475351100569308,481279482.0,772844493.0,97736579.0
914,2017-07-10,1.09738,23.542857142857144,17.442857142857143,30.11428571428571,229.83333333333334,5.642857142857143,1016.4142857142857,3.5,13.605482959315925,6.843663202226118,20.66201467223568,5.894060041825837,19.30395396557974,5.894060041825837,492636738.0,797682084.0,88819464.0
915,2017-07-17,1.10282,22.45714285714286,18.04285714285714,27.242857142857144,164.0,7.0,1013.7142857142856,13.557142857142855,15.896075887895886,7.372899861771831,22.218209319947647,8.665894002133971,17.172019041315018,8.665894002133971,453551228.0,732895810.0,81885705.0
916,2017-07-24,1.1025800000000001,20.04285714285714,13.799999999999999,26.842857142857145,139.8,5.5,1018.0285714285714,2.3833333333333333,12.608288904150543,5.924590200065004,22.502409422534583,7.951052342183952,20.160984515257034,7.951052342183952,518540290.0,764307390.0,65597091.0
917,2017-07-31,1.12326,20.985714285714288,14.942857142857145,27.071428571428573,119.0,5.8428571428571425,1017.657142857143,3.2571428571428567,13.9544584683859,7.301772733656111,19.58071652568144,7.699316859290049,18.387571527325097,7.699316859290049,387220008.0,625290465.0,60519209.0
918,2017-08-07,1.14696,22.571428571428573,17.085714285714285,28.82857142857143,267.3333333333333,4.642857142857143,1016.6285714285714,5.014285714285714,9.967003500538421,6.820127072507348,22.405687591685012,0.7711149483340405,23.006146847225274,0.7711149483340405,379602624.0,718242653.0,50021603.0
919,2017-08-14,1.1370799999999999,18.04285714285714,13.242857142857144,24.185714285714287,140.5,7.485714285714286,1014.5285714285714,7.357142857142857,13.657353207064029,6.460800951172093,20.815596942662083,6.117804246849101,19.85450263621169,6.117804246849101,318706366.0,663204024.0,67322794.0
920,2017-08-21,1.1356600000000001,16.0,11.985714285714284,20.442857142857143,159.8,7.7285714285714295,1009.2428571428571,1.7571428571428573,11.870685121562172,6.535423688345228,18.841304452278546,6.8182863632690305,18.896727188713218,6.8182863632690305,371973952.0,514596422.0,53567326.0
921,2017-08-28,1.1381999999999999,13.457142857142857,7.385714285714285,19.271428571428572,118.33333333333333,7.728571428571428,1014.4571428571428,1.4833333333333332,14.868842212202747,6.42540419029959,19.011309931935642,8.70306852439647,16.812701520571377,8.70306852439647,462122026.0,554432700.0,61002170.0
922,2017-09-04,1.14188,15.528571428571428,10.642857142857142,21.357142857142858,218.33333333333334,4.514285714285715,1021.6714285714286,0.2857142857142857,8.971645212999512,7.654357037819288,17.898892760741816,4.813375390042563,18.397183915733805,4.813375390042563,451992473.0,542459952.0,83482292.0
923,2017-09-11,1.14054,15.028571428571427,11.842857142857142,18.75714285714286,219.0,3.7142857142857144,1022.1000000000001,0.3,8.753648007356126,8.819295823389083,16.317555322423424,5.135145695429432,19.278490565990296,5.135145695429432,490448489.0,524799469.0,88199802.0
924,2017-09-18,1.1476,12.485714285714284,5.514285714285714,20.014285714285712,169.25,5.528571428571428,1019.2285714285715,0.0,7.915522933371399,5.0041831531787135,17.537824239229387,3.3775552023702686,16.35004384667114,3.3775552023702686,517709356.0,559479178.0,92849913.0
925,2017-09-25,1.15604,11.885714285714286,5.371428571428572,19.985714285714288,347.0,2.7714285714285714,1025.6,0.0,9.109690302248527,6.55735906359062,10.365622674906565,6.724673768859448,14.536462764497726,6.724673768859448,722028440.0,486145285.0,72462074.0
926,2017-10-02,1.14438,11.885714285714286,6.185714285714285,18.928571428571427,112.2,5.585714285714286,1020.5714285714286,0.08571428571428572,8.605550973334477,6.479563880453959,17.29793582260017,8.787295142175026,13.624755673540362,8.787295142175026,745497446.0,493945821.0,76628780.0
927,2017-10-09,1.14694,10.242857142857144,2.6714285714285717,17.97142857142857,91.25,6.985714285714286,1019.2,0.0,7.003357941070919,6.272999827505834,14.93438238863852,6.096500018522131,11.78394088129014,6.096500018522131,799503693.0,544255090.0,56767744.0
928,2017-10-16,1.1529,8.485714285714286,5.057142857142857,12.342857142857143,158.0,4.528571428571429,1016.0428571428572,12.37142857142857,9.549522824808133,4.824615003446141,12.566680641825027,6.883231746299341,11.958107560429061,6.883231746299341,858853612.0,595507252.0,63976329.0
929,2017-10-23,1.15548,5.671428571428572,0.8571428571428571,12.014285714285716,106.5,7.471428571428571,1015.7857142857143,2.2714285714285714,6.0417592488821645,5.568562679060542,13.28499337982534,6.18558918914629,15.11011681902594,6.18558918914629,892923702.0,594848409.0,69106240.0
930,2017-10-30,1.16432,4.214285714285714,-1.7,11.885714285714286,112.2,3.6142857142857143,1019.8999999999999,0.0,5.878463606073404,2.3775918121869055,7.56991121913488,4.659136800156378,11.535210631790312,4.659136800156378,881255665.0,563864429.0,77174889.0
931,2017-11-06,1.1627399999999999,3.9142857142857146,-0.37142857142857144,8.085714285714285,96.66666666666667,5.771428571428572,1016.1285714285715,1.2142857142857142,1.0051625573118803,7.558405436240767,7.338693803701546,4.720859374080466,9.182636478901607,4.720859374080466,934301587.0,561170188.0,67738867.0
932,2017-11-13,1.15818,-0.6428571428571427,-4.742857142857143,6.3428571428571425,128.5,2.585714285714286,1025.5142857142857,0.0,2.946960106731586,6.4015672125497485,6.3759649065061,3.6700172242354485,9.24632018692298,3.6700172242354485,814701498.0,565152836.0,89256978.0
933,2017-11-20,1.1675200000000001,1.0,-1.6285714285714288,3.557142857142857,99.75,4.557142857142858,1011.7428571428571,12.928571428571429,0.7696875520571729,6.43817078776531,3.968837135502202,6.947169163482733,5.711975586724868,6.947169163482733,875408105.0,610121678.0,59987498.0
934,2017-11-27,1.16462,-2.471428571428571,-6.742857142857143,2.8571428571428577,85.0,3.8000000000000007,1022.9285714285714,0.028571428571428574,-0.7004296463214483,7.846894406519433,6.852975664107884,6.942340484794553,10.885932288590979,6.942340484794553,1051853852.0,648874386.0,67062856.0
935,2017-12-04,1.16798,0.07142857142857142,-3.371428571428571,5.028571428571429,81.66666666666667,4.228571428571429,1018.8714285714285,7.185714285714286,-1.4923623103761456,7.605971085787585,3.9696791834224694,6.011824477526281,2.035516643094201,6.011824477526281,993164663.0,735762698.0,44586996.0
936,2017-12-11,1.16868,1.7571428571428573,-1.7857142857142858,5.271428571428571,87.42857142857143,5.257142857142858,1014.8714285714285,0.4714285714285714,1.6141349620836332,7.865539325990198,-1.3459974681035183,7.8077367279037535,3.1610574892970345,7.8077367279037535,932923608.0,681420085.0,46245443.0
937,2017-12-18,1.1665,3.5142857142857147,1.1714285714285715,6.528571428571428,110.28571428571429,3.2571428571428576,1017.1714285714287,6.642857142857143,1.6090804243666772,7.872810076159956,3.6850521113693575,5.647628876115091,1.7330197188395406,5.647628876115091,1077859343.0,713307867.0,45731453.0
938,2017-12-25,1.170125,2.028571428571429,-1.1428571428571428,6.971428571428572,109.0,3.485714285714286,1017.9714285714286,0.1285714285714286,2.211150459371959,4.667467750962,4.6250635861716995,2.860064237155845,6.141284839217495,2.860064237155845,1007419398.0,726076993.0,40895551.0
939,2018-01-01,1.1726,3.6142857142857143,-0.9142857142857144,9.485714285714284,113.28571428571429,4.742857142857143,1018.9571428571428,1.0571428571428572,,,,17.214285714285715,,,961910120.0,544138053.0,16869402.0
940,2018-01-08,1.17366,4.142857142857142,1.0285714285714285,8.457142857142857,174.0,2.585714285714286,1026.0428571428572,2.814285714285714,,,,,,,798276205.0,484287116.0,22286128.0
941,2018-01-15,1.1754799999999999,3.6571428571428575,-0.17142857142857143,7.814285714285715,120.0,5.42857142857143,1012.1285714285715,0.7833333333333333,,,,,,,829159282.0,617570020.0,39215096.0
942,2018-01-22,1.17678,2.357142857142857,-3.0142857142857147,8.299999999999999,122.85714285714286,5.3,1015.4142857142858,0.15714285714285717,,,,,,,844464951.0,606594864.0,40786988.0
943,2018-01-29,1.16778,3.6000000000000005,-1.2142857142857146,8.357142857142858,171.16666666666666,5.414285714285714,1016.3857142857142,0.05714285714285715,,,,,,,844186485.0,674415740.0,37019153.0
944,2018-02-05,1.16036,0.7857142857142858,-2.4142857142857146,4.242857142857142,178.71428571428572,8.999999999999998,1012.7142857142859,0.5142857142857142,,,,,,,889809518.0,688245553.0,40510969.0
945,2018-02-12,1.1547800000000001,4.4,0.5714285714285714,8.342857142857143,130.66666666666666,4.742857142857143,1001.2714285714286,1.1833333333333333,,,,,,,899154572.0,765211897.0,52690376.0
946,2018-02-19,1.1523999999999999,7.885714285714286,3.3714285714285706,12.299999999999999,196.57142857142858,4.728571428571429,1009.4857142857143,8.285714285714286,,,,,,,999736169.0,768898403.0,49321121.0
947,2018-02-26,1.15262,6.314285714285715,2.4285714285714284,10.4,146.4,7.857142857142857,1005.4142857142858,3.1714285714285713,,,,,,,945218781.0,807152187.0,48529864.0
948,2018-03-05,1.15278,9.4,2.857142857142857,14.642857142857142,176.71428571428572,7.528571428571427,1008.0142857142856,1.1714285714285713,,,,,,,828676391.0,869018515.0,63683401.0
949,2018-03-12,1.16812,10.200000000000001,6.171428571428572,14.542857142857144,236.71428571428572,7.1571428571428575,1010.6571428571427,8.242857142857144,,,,,,,913756125.0,564740007.0,35745257.0
950,2018-03-19,1.17004,11.585714285714287,7.471428571428571,16.15714285714286,173.28571428571428,6.642857142857143,1013.2714285714286,10.666666666666666,,,,,,,810727146.0,465643445.0,23916651.0
951,2018-03-26,1.17086,14.328571428571427,6.314285714285714,21.400000000000002,186.71428571428572,5.785714285714286,1019.7714285714285,2.5285714285714285,,,,,,,844457808.0,471505982.0,26908213.0
952,2018-04-02,1.1781333333333333,18.25714285714286,9.714285714285714,26.400000000000002,265.0,6.071428571428571,1017.3,0.014285714285714287,,,,,,,685290131.0,456580814.0,28774726.0
953,2018-04-09,1.1786999999999999,14.385714285714284,11.185714285714283,18.271428571428572,248.6,4.857142857142857,1011.7285714285715,7.349999999999999,,,,,,,631707162.0,440121497.0,32877416.0
954,2018-04-16,1.1850999999999998,17.714285714285715,12.714285714285714,23.314285714285713,266.0,6.428571428571429,1012.342857142857,5.07142857142857,,,,,,,546986990.0,557058441.0,50329143.0
955,2018-04-23,1.19548,15.242857142857142,11.528571428571427,19.842857142857145,126.85714285714286,5.485714285714286,1012.8285714285714,4.642857142857143,,,,,,,490708128.0,600019451.0,69900633.0
956,2018-04-30,1.19668,16.685714285714287,12.92857142857143,21.400000000000002,137.4,5.0,1016.657142857143,2.185714285714286,,,,,,,352469988.0,668452076.0,78934633.0
957,2018-05-07,1.195725,19.928571428571427,14.785714285714286,26.057142857142853,150.85714285714286,7.342857142857142,1017.5857142857143,1.8142857142857143,,,,,,,257707462.0,562950424.0,82359935.0
958,2018-05-14,1.19214,20.457142857142856,15.299999999999999,25.942857142857143,229.42857142857142,6.414285714285714,1014.2285714285715,3.3,,,,,,,198615282.0,653233160.0,91476653.0
959,2018-05-21,1.18094,20.457142857142856,16.142857142857142,25.2,161.28571428571428,6.6000000000000005,1010.0428571428572,3.3857142857142857,,,,,,,278770424.0,678041870.0,83723003.0
960,2018-05-28,1.16226,22.71428571428572,15.314285714285715,28.742857142857144,259.0,6.442857142857143,1015.3571428571429,,,,,,,,200408177.0,661225309.0,89218703.0
961,2018-06-04,1.15266,21.314285714285713,13.914285714285713,26.928571428571427,275.57142857142856,8.414285714285715,1015.6,,,,,,,,195966763.0,703120386.0,111903995.0
962,2018-06-11,1.1592,23.585714285714285,17.114285714285717,29.485714285714288,221.14285714285714,9.0,1012.2857142857141,,,,,,,,215083694.0,667196238.0,117257655.0
963,2018-06-18,1.1589,23.085714285714285,16.357142857142858,28.9,221.14285714285714,7.885714285714286,1014.1142857142858,,,,,,,,229576277.0,608682235.0,117063248.0
964,2018-06-25,1.15234,23.557142857142853,16.628571428571426,30.47142857142857,121.85714285714286,8.885714285714284,1014.0428571428572,,,,,,,,328828343.0,568216757.0,98822322.0
965,2018-07-02,1.15534,23.74285714285714,16.285714285714285,30.814285714285717,196.42857142857142,6.700000000000001,1011.5857142857142,,,,,,,,296596972.0,659019768.0,87211861.0
966,2018-07-09,1.16046,24.67142857142857,18.32857142857143,31.514285714285716,207.71428571428572,6.385714285714286,1014.0857142857143,,,,,,,,336898701.0,753322100.0,91977492.0
967,2018-07-16,1.1668800000000001,24.857142857142858,20.02857142857143,31.071428571428566,190.85714285714286,6.7,1016.1285714285714,,,,,,,,373477554.0,745492636.0,80996131.0
968,2018-07-23,1.16256,21.599999999999998,16.257142857142856,27.242857142857144,181.85714285714286,4.9,1016.2285714285714,,,,20.833333333333332,7.966666666666668,,,333758221.0,714575621.0,74790788.0
969,2018-07-30,1.1606999999999998,23.97142857142857,17.885714285714283,30.47142857142857,94.14285714285714,7.357142857142857,1016.5571428571427,,,,22.400000000000002,6.385714285714286,,,352553667.0,754250764.0,61899096.0
970,2018-08-06,1.15544,20.414285714285715,14.0,27.228571428571428,120.42857142857143,6.571428571428571,1013.4857142857143,,,,22.47142857142857,5.514285714285713,,,260951823.0,767482883.0,66049716.0
971,2018-08-13,1.1463,18.085714285714285,13.471428571428573,24.38571428571429,184.85714285714286,5.271428571428571,1015.0857142857142,,,,19.157142857142855,5.985714285714286,,,334311545.0,630977339.0,63111493.0
972,2018-08-20,1.1318,20.557142857142853,14.985714285714284,27.314285714285713,198.71428571428572,5.185714285714286,1019.5571428571429,,,,20.357142857142858,5.457142857142857,,,343528876.0,550971734.0,41850705.0
973,2018-08-27,1.13964,20.171428571428574,15.514285714285716,25.7,174.71428571428572,4.514285714285714,1020.0142857142856,,,,17.942857142857143,8.157142857142858,,,384909284.0,578972857.0,46531316.0
974,2018-09-03,1.134,18.014285714285712,12.142857142857142,23.685714285714283,168.85714285714286,7.628571428571429,1023.6999999999999,0.0,,,15.942857142857141,6.442857142857143,,,408377409.0,502439515.0,46868018.0
975,2018-09-10,1.12616,14.557142857142859,7.857142857142857,21.6,174.0,6.2,1018.8857142857141,0.24285714285714285,,,17.742857142857144,5.685714285714286,,,432398861.0,484689092.0,39159624.0
976,2018-09-17,1.12656,15.12857142857143,10.485714285714286,20.314285714285713,185.57142857142858,4.485714285714286,1020.5571428571428,3.3857142857142857,,,17.585714285714285,4.971428571428572,,,458338162.0,442015038.0,30463849.0
977,2018-09-24,1.12758,14.642857142857142,10.057142857142855,20.442857142857143,119.42857142857143,3.1714285714285713,1021.6285714285714,0.5142857142857143,,,15.771428571428572,7.3999999999999995,,,522439000.0,443190720.0,31150569.0
978,2018-10-01,1.13692,14.157142857142858,7.342857142857143,21.357142857142858,123.14285714285714,6.614285714285715,1020.0714285714286,0.0,,,13.957142857142857,9.299999999999999,,,567671463.0,474801565.0,25903166.0
979,2018-10-08,1.14008,11.285714285714286,9.257142857142856,13.842857142857142,178.14285714285714,7.942857142857143,1008.2,46.6,,,13.471428571428573,4.914285714285714,,,797686541.0,644073637.0,30674858.0
980,2018-10-15,1.14242,11.542857142857143,9.942857142857141,13.557142857142859,172.57142857142858,2.5714285714285716,1019.0714285714286,14.085714285714285,,,13.157142857142858,4.4714285714285715,,,875109525.0,643664373.0,41626323.0
981,2018-10-22,1.1445,10.985714285714286,8.442857142857143,14.014285714285714,196.57142857142858,2.9428571428571426,1023.9285714285714,5.271428571428572,,,14.157142857142857,10.528571428571428,,,888277196.0,659080254.0,37080956.0
982,2018-10-29,1.1391,5.600000000000001,2.6142857142857143,8.257142857142856,178.57142857142858,3.657142857142857,1018.9285714285714,1.6571428571428573,,,8.657142857142857,6.757142857142858,,,797720890.0,518228050.0,57192341.0
983,2018-11-05,1.14148,6.271428571428571,2.728571428571428,9.9,101.14285714285714,5.3428571428571425,1015.3142857142856,5.385714285714286,,,9.857142857142858,4.285714285714286,,,664371526.0,455094917.0,94310263.0
984,2018-11-12,1.14284,4.542857142857143,0.4714285714285714,9.385714285714284,116.85714285714286,3.385714285714286,1020.7857142857143,0.4571428571428572,,,9.657142857142858,4.485714285714286,,,645370243.0,565690993.0,105372518.0
985,2018-11-19,1.139,4.214285714285714,0.15714285714285708,9.185714285714285,114.28571428571429,6.357142857142857,1018.2428571428571,0.17142857142857143,,,3.3714285714285714,4.471428571428571,,,748326109.0,547167317.0,94679350.0
986,2018-11-26,1.1333600000000001,-0.4,-3.4285714285714284,4.357142857142857,106.57142857142857,2.8857142857142857,1022.9714285714284,0.8571428571428571,,,5.257142857142858,7.428571428571429,,,595106242.0,517766330.0,99484040.0
987,2018-12-03,1.13138,1.7571428571428573,-2.4714285714285715,7.957142857142856,88.71428571428571,4.814285714285715,1026.8,0.028571428571428574,,,4.714285714285714,5.014285714285713,,,750544858.0,480067558.0,75736097.0
988,2018-12-10,1.13148,5.742857142857143,0.3,11.685714285714287,92.14285714285714,12.057142857142855,1019.9571428571428,0.0,,,3.471428571428571,8.442857142857143,,,873036137.0,634638459.0,55005807.0
989,2018-12-17,1.1265800000000001,4.5,-1.2142857142857146,9.757142857142856,90.57142857142857,8.114285714285716,1016.0857142857143,0.0,,,-0.18571428571428564,4.942857142857142,,,669973484.0,685366563.0,95325187.0
990,2018-12-24,1.1312799999999998,0.04285714285714288,-4.228571428571429,5.714285714285714,138.71428571428572,4.128571428571428,1011.0142857142857,0.42857142857142855,,,4.6,7.842857142857142,,,820143066.0,592855072.0,74677421.0
991,2018-12-31,1.1258333333333332,2.4714285714285715,-1.9714285714285713,7.442857142857143,159.0,7.657142857142858,1004.3142857142857,0.0,,,7.385714285714286,17.214285714285715,,,736200207.0,572882912.0,47534434.0
992,2019-01-07,1.1235249999999999,1.5714285714285714,-2.6285714285714286,6.385714285714286,100.71428571428571,5.471428571428572,1015.0428571428571,0.31428571428571433,-1.6333333333333335,14.901190476190475,5.985714285714287,14.021428571428572,,17.214285714285715,834258049.0,595848271.0,49073183.0
993,2019-01-14,1.12646,4.2857142857142865,-1.1571428571428573,10.357142857142858,114.0,6.528571428571428,1024.5714285714287,7.271428571428571,-3.8142857142857136,18.558333333333334,4.5285714285714285,16.021428571428572,,,814007840.0,638423786.0,73574587.0
994,2019-01-21,1.13042,4.371428571428572,-1.8857142857142855,13.37142857142857,108.0,2.814285714285714,1027.9142857142856,0.6714285714285715,-5.357142857142857,12.642857142857142,-0.6714285714285715,8.314285714285713,,,813916070.0,653767672.0,82868219.0
995,2019-01-28,1.1317,7.257142857142858,-0.34285714285714286,15.700000000000001,178.42857142857142,6.314285714285715,1029.257142857143,0.0,-6.028571428571428,9.9,1.7142857142857146,8.042857142857143,,,631674273.0,636562551.0,89611423.0
996,2019-02-04,1.13962,7.614285714285715,1.6999999999999997,13.442857142857145,147.57142857142858,5.3999999999999995,1014.7142857142857,0.0,-7.500000000000001,11.314285714285713,1.885714285714286,8.721428571428572,,,857634305.0,681267089.0,80428909.0
997,2019-02-11,1.1379,8.114285714285714,2.0571428571428574,14.814285714285715,195.57142857142858,6.642857142857143,1018.4857142857143,6.914285714285714,-2.657142857142857,8.792857142857143,4.071428571428571,8.742857142857142,,,878735330.0,591805753.0,72117956.0
998,2019-02-18,1.13646,8.957142857142857,2.4,15.585714285714287,125.71428571428571,8.842857142857143,1020.4714285714286,0.06666666666666667,0.8857142857142858,8.957142857142857,5.742857142857143,7.835714285714285,,,852842922.0,638422474.0,72313061.0
999,2019-02-25,1.13514,10.428571428571429,2.2142857142857144,18.585714285714285,183.85714285714286,8.757142857142856,1024.2714285714285,2.38,2.5,10.42142857142857,8.785714285714285,7.564285714285715,,,800868605.0,621730973.0,61955719.0
1000,2019-03-04,1.1355,10.028571428571427,3.2714285714285714,16.87142857142857,218.71428571428572,5.957142857142856,1016.0571428571428,0.0,4.671428571428572,10.878571428571428,7.028571428571429,8.392857142857142,,,740038252.0,585824253.0,44903596.0
1001,2019-03-11,1.1345800000000001,11.357142857142858,6.6000000000000005,15.985714285714286,217.71428571428572,6.885714285714286,1006.4857142857143,14.242857142857144,-1.0285714285714287,8.264285714285714,6.728571428571428,8.064285714285713,,,852159207.0,522634892.0,22990089.0
1002,2019-03-18,1.13626,12.1,6.1000000000000005,16.942857142857143,215.14285714285714,6.414285714285714,1017.5857142857143,0.42857142857142855,-1.857142857142857,7.264285714285714,7.4142857142857155,9.435714285714287,,,805158038.0,533603417.0,23213165.0
1003,2019-03-25,1.1296,14.142857142857142,9.128571428571428,19.185714285714283,267.85714285714283,5.628571428571428,1018.1142857142858,0.27142857142857146,0.17142857142857157,9.357142857142858,9.57142857142857,10.892857142857142,,,661692521.0,611039155.0,38010645.0
1004,2019-04-01,1.11928,14.085714285714287,6.814285714285714,19.82857142857143,129.71428571428572,10.942857142857141,1013.8285714285714,12.071428571428571,-0.07142857142857137,10.171428571428573,9.1,9.8,,,657693502.0,589156525.0,41176788.0
1005,2019-04-08,1.12176,12.442857142857141,7.842857142857143,17.257142857142856,214.0,11.9,1009.8857142857144,5.8,-0.7285714285714285,8.107142857142858,9.471428571428573,7.764285714285714,,,562105663.0,658198859.0,49158718.0
1006,2019-04-15,1.1305,14.87142857142857,9.385714285714286,19.41428571428571,167.71428571428572,15.37142857142857,1014.7857142857143,2.1999999999999997,0.4428571428571429,7.742857142857144,9.857142857142858,7.535714285714286,,,647446765.0,596444989.0,46660403.0
1007,2019-04-22,1.1384666666666667,15.114285714285712,10.257142857142858,19.385714285714283,209.28571428571428,5.699999999999998,1009.3285714285715,2.6142857142857143,2.1714285714285713,7.050000000000001,12.014285714285714,7.628571428571429,,,580590419.0,566686906.0,43182132.0
1008,2019-04-29,1.1401,16.928571428571427,11.614285714285714,21.52857142857143,160.42857142857142,6.771428571428571,1012.9571428571429,3.6571428571428575,1.1857142857142855,5.357142857142858,10.985714285714284,10.021428571428572,,,328129241.0,397290703.0,55161662.0
1009,2019-05-06,1.14105,20.342857142857145,13.200000000000001,26.471428571428568,266.42857142857144,6.457142857142856,1016.0285714285716,3.6000000000000005,1.2285714285714284,10.535714285714286,9.828571428571431,12.75,,,367224590.0,370105914.0,45269042.0
1010,2019-05-13,1.13818,19.457142857142856,15.357142857142858,24.057142857142857,237.14285714285714,6.2,1014.9999999999999,2.1571428571428575,0.8428571428571429,12.407142857142858,12.185714285714287,14.557142857142857,,,451272819.0,533021160.0,58305920.0
1011,2019-05-20,1.1287,21.714285714285715,15.2,28.285714285714285,233.57142857142858,7.299999999999999,1014.9142857142858,12.12857142857143,2.1428571428571432,10.57857142857143,12.257142857142856,11.42142857142857,,,562413540.0,510343487.0,47432196.0
1012,2019-05-27,1.1244399999999999,23.428571428571423,17.542857142857144,29.642857142857142,233.85714285714286,5.242857142857143,1018.1857142857143,2.142857142857143,6.071428571428571,9.614285714285714,14.442857142857145,7.921428571428573,,,408371442.0,591488910.0,55659163.0
1013,2019-06-03,1.1215,25.400000000000002,19.58571428571429,32.15714285714286,235.28571428571428,6.3571428571428585,1016.6571428571427,0.5285714285714286,7.3999999999999995,10.392857142857142,18.12857142857143,8.007142857142858,,,413764571.0,584978997.0,55743676.0
1014,2019-06-10,1.11812,23.714285714285715,17.342857142857145,29.77142857142857,164.14285714285714,6.8999999999999995,1011.7857142857141,3.714285714285715,8.828571428571431,9.692857142857141,16.3,6.87857142857143,,,456435721.0,567373188.0,79131823.0
1015,2019-06-17,1.12234,21.82857142857143,14.928571428571429,27.914285714285715,232.14285714285714,7.828571428571429,1012.0285714285716,1.275,8.657142857142858,7.328571428571427,18.771428571428572,6.892857142857144,,,412901484.0,653322004.0,98013758.0
1016,2019-06-24,1.11418,25.32857142857143,19.885714285714283,31.3,311.14285714285717,5.342857142857143,1017.5,6.085714285714286,11.057142857142855,6.578571428571429,20.985714285714288,6.957142857142857,,,377737141.0,652675693.0,86382132.0
1017,2019-07-01,1.1117599999999999,23.5,18.142857142857142,29.671428571428567,181.71428571428572,7.2857142857142865,1008.1142857142858,0.37142857142857144,18.2,6.078571428571429,22.928571428571427,6.935714285714287,,,314033546.0,797564563.0,114714139.0
1018,2019-07-08,1.1131600000000001,21.485714285714288,16.37142857142857,27.32857142857143,246.85714285714286,5.5,1013.2714285714285,6.871428571428572,15.35714285714286,5.992857142857142,20.72857142857143,7.085714285714285,,,239539828.0,798084272.0,117585756.0
1019,2019-07-15,1.11084,22.02857142857143,16.82857142857143,27.5,175.14285714285714,6.5857142857142845,1014.3571428571429,20.085714285714285,12.114285714285714,6.7214285714285715,18.642857142857142,7.5285714285714285,,,219244980.0,923302347.0,106313310.0
1020,2019-07-22,1.10548,21.042857142857144,16.714285714285715,26.11428571428571,216.71428571428572,5.671428571428571,1017.9571428571429,18.214285714285715,12.200000000000001,6.578571428571428,22.342857142857138,7.0285714285714285,,,285444349.0,843398174.0,102442993.0
1021,2019-07-29,1.10092,21.942857142857143,17.61428571428571,27.171428571428574,157.57142857142858,4.185714285714286,1019.2,12.514285714285716,15.9,5.164285714285713,20.585714285714285,6.4071428571428575,20.833333333333332,7.966666666666668,261246967.0,908660403.0,107902443.0
1022,2019-08-05,1.09782,21.228571428571428,16.185714285714287,26.842857142857145,116.57142857142857,6.442857142857143,1016.7571428571429,2.3428571428571425,13.528571428571428,6.32142857142857,19.64285714285714,6.414285714285715,22.400000000000002,6.385714285714286,298790307.0,883808689.0,86764082.0
1023,2019-08-12,1.09072,15.771428571428572,10.428571428571429,21.657142857142855,118.14285714285714,4.557142857142857,1018.2714285714285,5.142857142857143,13.585714285714287,5.685714285714285,19.099999999999998,6.464285714285714,22.47142857142857,5.514285714285713,349934962.0,696492756.0,70297526.0
1024,2019-08-19,1.08632,20.071428571428573,15.071428571428571,25.400000000000002,259.57142857142856,4.657142857142857,1021.5285714285716,4.057142857142857,10.857142857142858,5.421428571428571,18.37142857142857,6.142857142857142,19.157142857142855,5.985714285714286,265885115.0,783034338.0,91609276.0
1025,2019-08-26,1.08836,15.771428571428572,11.442857142857141,21.1,222.57142857142858,4.314285714285714,1017.4285714285714,4.0,12.328571428571431,5.707142857142857,19.3,5.414285714285715,20.357142857142858,5.457142857142857,167324914.0,876232818.0,97833093.0
1026,2019-09-02,1.0884,16.87142857142857,11.72857142857143,22.24285714285714,156.85714285714286,5.228571428571428,1013.0285714285714,2.9499999999999997,13.728571428571428,4.3,18.457142857142856,5.771428571428571,17.942857142857143,8.157142857142858,218787825.0,776212422.0,82989184.0
1027,2019-09-09,1.08782,12.37142857142857,6.757142857142857,18.228571428571424,210.57142857142858,4.114285714285715,1015.1571428571427,1.0166666666666666,9.014285714285714,7.1,13.671428571428569,6.3,15.942857142857141,6.442857142857143,389430845.0,676415383.0,59800725.0
1028,2019-09-16,1.0928200000000001,11.814285714285715,6.657142857142858,17.61428571428571,100.71428571428571,3.9714285714285715,1021.1285714285714,1.257142857142857,10.12857142857143,7.5285714285714285,17.814285714285713,6.114285714285714,17.742857142857144,5.685714285714286,440944868.0,587251878.0,55241733.0
1029,2019-09-23,1.09536,14.771428571428572,12.657142857142857,17.12857142857143,187.14285714285714,4.785714285714286,1018.8857142857142,10.77142857142857,10.271428571428572,4.857142857142858,13.842857142857142,5.5285714285714285,17.585714285714285,4.971428571428572,584451043.0,690773004.0,56860825.0
1030,2019-09-30,1.0858,13.485714285714286,10.4,17.8,207.71428571428572,3.7142857142857144,1019.9714285714284,22.7,7.985714285714287,4.7857142857142865,15.057142857142859,5.964285714285714,15.771428571428572,7.3999999999999995,538965238.0,686395970.0,43653313.0
1031,2019-10-07,1.0928,9.471428571428572,6.528571428571428,12.400000000000002,174.42857142857142,3.957142857142857,1004.5142857142856,0.5714285714285714,6.228571428571428,5.9714285714285715,11.128571428571428,6.25,13.957142857142857,9.299999999999999,713609175.0,664647373.0,34172907.0
1032,2019-10-14,1.09562,5.4142857142857155,1.2571428571428573,9.814285714285715,126.14285714285714,5.6571428571428575,1008.2857142857143,12.216666666666667,5.742857142857143,6.171428571428571,11.342857142857142,5.4,13.471428571428573,4.914285714285714,717469239.0,730164457.0,34153353.0
1033,2019-10-21,1.09926,5.814285714285714,3.914285714285714,7.885714285714286,146.14285714285714,3.357142857142857,1011.6714285714287,8.185714285714287,5.228571428571429,4.7785714285714285,13.157142857142858,5.392857142857142,13.157142857142858,4.4714285714285715,653254269.0,804533367.0,85520125.0
1034,2019-10-28,1.10186,7.314285714285715,5.285714285714286,9.842857142857142,118.28571428571429,2.514285714285714,1009.2714285714285,18.428571428571427,7.7857142857142865,4.15,12.157142857142857,5.085714285714285,14.157142857142857,10.528571428571428,450029407.0,859021347.0,137407333.0
1035,2019-11-04,1.10228,3.742857142857143,0.04285714285714283,9.385714285714286,110.57142857142857,3.742857142857143,1021.2714285714285,13.550000000000002,3.8857142857142852,3.4642857142857144,7.6000000000000005,4.321428571428571,8.657142857142857,6.757142857142858,523511017.0,694503664.0,88692433.0
1036,2019-11-11,1.0996000000000001,2.0,-1.9714285714285715,7.299999999999999,87.42857142857143,4.271428571428571,1017.5714285714286,2.6285714285714286,-1.4142857142857144,4.007142857142858,3.8571428571428577,5.4,9.857142857142858,4.285714285714286,514915789.0,632519189.0,78730503.0
1037,2019-11-18,1.0922800000000001,5.085714285714286,2.5,7.228571428571428,108.57142857142857,3.2857142857142856,1014.7714285714285,0.014285714285714287,-3.4428571428571426,6.135714285714286,3.557142857142857,5.207142857142857,9.657142857142858,4.485714285714286,779960746.0,834891176.0,80835909.0
1038,2019-11-25,1.09868,5.728571428571429,1.2714285714285716,11.142857142857142,100.28571428571429,5.1000000000000005,1009.0428571428572,17.014285714285712,-1.4,4.714285714285714,6.071428571428571,3.7071428571428564,3.3714285714285714,4.471428571428571,671687084.0,818954107.0,88931338.0
1039,2019-12-02,1.09926,0.8428571428571429,-2.1142857142857143,7.128571428571428,103.85714285714286,2.157142857142857,1032.5142857142857,13.014285714285714,-0.10000000000000016,3.1357142857142852,3.485714285714286,4.528571428571428,5.257142857142858,7.428571428571429,735323819.0,606737671.0,66225736.0
1040,2019-12-09,1.09588,1.3714285714285714,-2.685714285714286,8.871428571428572,98.57142857142857,3.985714285714286,1029.4285714285713,,-0.7999999999999998,5.392857142857142,2.9142857142857146,5.899999999999999,4.714285714285714,5.014285714285713,639169267.0,682486131.0,103628394.0
1041,2019-12-16,1.0942399999999999,0.8142857142857144,-3.414285714285714,7.914285714285714,82.42857142857143,2.4285714285714284,1029.1142857142859,0.0,-2.8428571428571425,6.671428571428571,4.285714285714286,5.37142857142857,3.471428571428571,8.442857142857143,690386492.0,712758619.0,91544333.0
1042,2019-12-23,1.09022,2.1,-2.2142857142857144,8.72857142857143,80.0,5.200000000000001,1033.4999999999998,0.6428571428571429,6.344131569286608e-17,4.878571428571428,5.471428571428572,6.135714285714286,-0.18571428571428564,4.942857142857142,734486667.0,695188733.0,67140686.0
1043,2019-12-30,1.0879666666666667,3.3,-0.5857142857142856,8.871428571428572,96.57142857142857,4.714285714285714,1019.9857142857142,0.0,0.1428571428571428,7.007142857142856,3.857142857142857,7.1000000000000005,4.6,7.842857142857142,552792369.0,412001862.0,46667898.0
1044,2020-01-06,1.0852249999999999,5.428571428571429,0.5285714285714287,12.857142857142856,110.14285714285714,6.428571428571429,1020.4142857142857,0.38571428571428573,1.8714285714285714,9.314285714285715,4.6000000000000005,7.171428571428572,7.385714285714286,17.214285714285715,731635283.0,526499806.0,53406454.0
1045,2020-01-13,1.0816599999999998,5.128571428571428,-0.9857142857142858,11.928571428571427,122.85714285714286,5.028571428571428,1022.2,0.2857142857142857,0.9285714285714286,8.257142857142858,2.814285714285714,6.15,5.985714285714287,14.021428571428572,778632179.0,707302390.0,80585935.0
1046,2020-01-20,1.0746,6.214285714285714,-0.9428571428571428,13.242857142857144,78.71428571428571,5.442857142857143,1025.1000000000001,0.3,-3.1571428571428575,7.435714285714286,2.5142857142857147,5.771428571428572,4.5285714285714285,16.021428571428572,794463777.0,756090280.0,85991862.0
1047,2020-01-27,1.0727,6.942857142857142,0.19999999999999993,13.914285714285715,167.0,5.485714285714286,1018.157142857143,0.14285714285714285,-2.6571428571428575,6.635714285714286,2.7285714285714286,5.4785714285714295,-0.6714285714285715,8.314285714285713,557839678.0,670695107.0,111051240.0
1048,2020-02-03,1.06976,5.814285714285715,1.0714285714285714,10.542857142857143,160.71428571428572,7.171428571428572,1008.9,0.05714285714285715,-0.9857142857142859,5.135714285714286,6.700000000000001,7.557142857142857,1.7142857142857146,8.042857142857143,805736060.0,679184360.0,80372301.0
1049,2020-02-10,1.07078,7.957142857142857,1.5714285714285714,14.157142857142858,158.57142857142858,7.585714285714286,1015.4142857142858,7.457142857142856,-1.242857142857143,6.742857142857142,4.571428571428571,9.0,1.885714285714286,8.721428571428572,797521517.0,714573289.0,66564963.0
1050,2020-02-17,1.06454,10.142857142857142,4.700000000000001,16.157142857142855,280.42857142857144,6.414285714285714,1024.242857142857,0.9857142857142858,-1.9999999999999998,7.292857142857143,5.957142857142857,7.078571428571429,4.071428571428571,8.742857142857142,786725181.0,732586621.0,65369581.0
1051,2020-02-24,1.06132,7.92857142857143,2.1142857142857148,12.942857142857145,245.85714285714286,9.299999999999999,1020.842857142857,2.257142857142857,0.5142857142857145,6.942857142857143,7.114285714285714,7.071428571428571,5.742857142857143,7.835714285714285,774157882.0,690349725.0,62862687.0
1052,2020-03-02,1.0621399999999999,8.371428571428572,2.971428571428572,12.928571428571429,243.14285714285714,7.3,1017.0285714285714,0.942857142857143,-3.0571428571428574,6.742857142857142,4.085714285714286,8.128571428571428,8.785714285714285,7.564285714285715,698790318.0,661607676.0,61764564.0
1053,2020-03-09,1.06278,11.857142857142856,2.414285714285714,20.271428571428572,289.2857142857143,5.42857142857143,1023.5285714285716,2.2285714285714286,-4.057142857142857,8.07142857142857,7.114285714285714,8.635714285714286,7.028571428571429,8.392857142857142,630081503.0,701506028.0,78466827.0
1054,2020-03-16,1.05776,14.200000000000001,5.685714285714286,22.085714285714285,266.0,7.942857142857143,1019.5142857142857,0.1285714285714286,0.8571428571428571,9.378571428571426,8.7,7.7214285714285715,6.728571428571428,8.064285714285713,685943767.0,654079722.0,39583033.0
1055,2020-03-23,1.05556,13.957142857142857,7.828571428571429,19.442857142857143,281.14285714285717,7.0,1016.0571428571429,1.4142857142857144,1.785714285714286,6.449999999999999,6.2142857142857135,7.2214285714285715,7.4142857142857155,9.435714285714287,580503823.0,634555021.0,49949165.0
1056,2020-03-30,1.0592,14.900000000000002,10.3,19.885714285714283,230.14285714285714,5.514285714285714,1010.2285714285715,2.942857142857143,-2.814285714285714,5.114285714285714,7.2142857142857135,7.6,9.57142857142857,10.892857142857142,425112322.0,426595292.0,60136241.0
1057,2020-04-06,1.0561399999999999,15.514285714285716,8.071428571428571,22.314285714285717,237.42857142857142,7.5,1013.7857142857143,9.085714285714287,-1.7714285714285716,5.4785714285714295,10.87142857142857,7.664285714285715,9.1,9.8,366021991.0,427369007.0,61414465.0
1058,2020-04-13,1.0565666666666667,16.6,12.142857142857144,20.928571428571427,261.14285714285717,5.957142857142857,1011.2285714285715,0.1285714285714286,4.142857142857143,5.964285714285715,13.342857142857142,8.271428571428572,9.471428571428573,7.764285714285714,356449074.0,516039626.0,60524362.0
1059,2020-04-20,1.05252,18.9,13.242857142857144,24.642857142857142,184.42857142857142,7.457142857142856,1015.842857142857,14.685714285714287,4.585714285714286,6.178571428571429,13.228571428571428,8.214285714285714,9.857142857142858,7.535714285714286,374034485.0,500043661.0,54006288.0
1060,2020-04-27,1.05266,19.185714285714287,12.6,25.342857142857145,184.28571428571428,9.185714285714285,1024.685714285714,8.514285714285714,4.742857142857143,5.2214285714285715,13.200000000000001,7.078571428571428,12.014285714285714,7.628571428571429,470571676.0,533247743.0,50055499.0
1061,2020-05-04,1.056575,18.35714285714286,13.14285714285714,23.071428571428573,283.2857142857143,7.499999999999999,1013.0428571428573,2.414285714285714,3.0571428571428574,4.7285714285714295,13.557142857142859,7.757142857142858,10.985714285714284,10.021428571428572,454443812.0,559067095.0,54407405.0
1062,2020-05-11,1.05266,15.842857142857143,12.0,19.857142857142858,146.57142857142858,6.242857142857143,1007.3142857142857,8.471428571428572,6.528571428571428,5.1,14.314285714285715,8.114285714285714,9.828571428571431,12.75,402917434.0,652294049.0,56853333.0
1063,2020-05-18,1.05188,18.628571428571426,13.642857142857144,24.142857142857142,163.28571428571428,5.928571428571429,1012.0428571428571,28.11428571428571,5.128571428571428,5.178571428571428,16.442857142857143,8.335714285714285,12.185714285714287,14.557142857142857,330824656.0,590177161.0,83230783.0
1064,2020-05-25,1.06066,22.1,14.014285714285714,28.228571428571424,155.14285714285714,8.442857142857143,1016.7571428571429,4.242857142857142,9.814285714285715,8.707142857142857,16.88571428571429,9.907142857142858,12.257142857142856,11.42142857142857,311548196.0,597800096.0,69977804.0
1065,2020-06-01,1.06728,23.0,17.499999999999996,28.62857142857143,269.85714285714283,6.171428571428571,1013.3285714285714,0.5142857142857142,7.4142857142857155,10.342857142857143,15.928571428571429,9.17142857142857,14.442857142857145,7.921428571428573,293812734.0,575412626.0,70496412.0
1066,2020-06-08,1.08094,23.1,16.728571428571428,28.95714285714286,288.42857142857144,8.428571428571429,1014.8571428571429,3.6714285714285713,7.4142857142857155,7.585714285714285,13.77142857142857,6.835714285714285,18.12857142857143,8.007142857142858,342436884.0,578568007.0,74738949.0
1067,2020-06-15,1.0721,21.699999999999996,15.857142857142858,27.0,236.14285714285714,7.285714285714286,1016.1428571428572,0.14285714285714285,6.171428571428572,7.642857142857142,16.342857142857145,6.892857142857142,16.3,6.87857142857143,318033706.0,498026291.0,76805898.0
1068,2020-06-22,1.0672599999999999,22.928571428571427,16.25714285714286,29.342857142857145,219.57142857142858,6.928571428571429,1015.3714285714286,2.3000000000000003,8.842857142857143,9.85,19.485714285714288,8.95,18.771428571428572,6.892857142857144,217997420.0,542953681.0,77741825.0
1069,2020-06-29,1.0664200000000001,23.185714285714287,17.057142857142857,29.78571428571429,226.42857142857142,6.371428571428571,1014.842857142857,1.7,12.657142857142857,8.55,20.214285714285715,8.028571428571428,20.985714285714288,6.957142857142857,249398683.0,624316825.0,75280509.0
1070,2020-07-06,1.0636800000000002,22.914285714285715,16.185714285714283,29.557142857142857,113.57142857142857,8.8,1012.0714285714284,1.1428571428571428,13.171428571428569,6.3500000000000005,20.457142857142856,7.328571428571429,22.928571428571427,6.935714285714287,315969282.0,659170694.0,75394671.0
1071,2020-07-13,1.06422,24.357142857142858,17.47142857142857,31.285714285714285,201.28571428571428,6.128571428571428,1016.7714285714286,2.457142857142857,12.757142857142856,7.071428571428572,18.74285714285714,7.735714285714286,20.72857142857143,7.085714285714285,328138164.0,621117304.0,72635228.0
1072,2020-07-20,1.075,22.185714285714283,16.385714285714283,28.842857142857138,219.0,6.085714285714286,1012.0142857142856,5.742857142857142,10.6,7.121428571428572,20.485714285714288,7.192857142857142,18.642857142857142,7.5285714285714285,297486759.0,596736527.0,61412106.0
1073,2020-07-27,1.07648,22.314285714285717,15.714285714285712,28.871428571428574,233.0,5.457142857142857,1014.5857142857142,10.385714285714286,13.128571428571428,6.307142857142857,21.071428571428573,6.992857142857142,22.342857142857138,7.0285714285714285,413170802.0,673017180.0,49352035.0
1074,2020-08-03,1.0764200000000002,17.499999999999996,13.171428571428573,22.457142857142856,114.85714285714286,6.928571428571429,1011.3857142857141,2.8285714285714283,16.32857142857143,5.457142857142857,20.25714285714286,7.842857142857143,20.585714285714285,6.4071428571428575,419224261.0,697332886.0,46876040.0
1075,2020-08-10,1.07768,19.099999999999998,13.442857142857141,25.685714285714283,238.14285714285714,5.3428571428571425,1020.6,37.84285714285715,12.942857142857141,6.928571428571427,22.04285714285714,7.771428571428572,19.64285714285714,6.414285714285715,370070595.0,540370704.0,32942387.0
1076,2020-08-17,1.07602,21.41428571428571,15.828571428571427,27.800000000000004,317.42857142857144,4.714285714285714,1020.3285714285714,2.2857142857142856,14.485714285714286,6.442857142857141,19.7,5.935714285714286,19.099999999999998,6.464285714285714,283202309.0,546241798.0,38218141.0
1077,2020-08-24,1.0775000000000001,18.585714285714285,15.171428571428573,22.557142857142857,274.42857142857144,4.028571428571429,1015.3999999999999,0.6428571428571429,13.457142857142857,4.985714285714286,20.24285714285714,6.0285714285714285,18.37142857142857,6.142857142857142,288782276.0,580593765.0,33492916.0
1078,2020-08-31,1.07544,12.085714285714287,6.714285714285714,18.071428571428573,165.57142857142858,5.3999999999999995,1007.7714285714286,10.685714285714285,10.914285714285715,6.207142857142857,15.200000000000001,6.300000000000001,19.3,5.414285714285715,304831160.0,552193977.0,46625698.0
1079,2020-09-07,1.0808399999999998,13.085714285714287,9.671428571428569,17.071428571428573,152.85714285714286,5.742857142857143,1008.6142857142858,4.771428571428571,9.957142857142859,6.507142857142858,17.071428571428573,5.764285714285714,18.457142857142856,5.771428571428571,320977607.0,689884311.0,65498139.0
1080,2020-09-14,1.07874,10.571428571428571,5.0,16.257142857142856,158.0,5.728571428571429,1013.9428571428571,34.48571428571429,11.957142857142857,5.500000000000001,19.142857142857142,5.521428571428571,13.671428571428569,6.3,369226362.0,618737111.0,53155861.0
1081,2020-09-21,1.076,9.87142857142857,5.814285714285715,14.514285714285714,167.85714285714286,2.9,1021.4142857142858,0.7714285714285715,12.542857142857143,4.435714285714287,16.428571428571427,5.0,17.814285714285713,6.114285714285714,392431833.0,553098012.0,44269577.0
1082,2020-09-28,1.0781399999999999,10.971428571428572,7.571428571428571,15.471428571428572,97.28571428571429,5.2,1015.642857142857,0.7000000000000001,4.971428571428571,5.207142857142857,11.028571428571428,6.071428571428572,13.842857142857142,5.5285714285714285,385451457.0,473481741.0,44792684.0
1083,2020-10-05,1.07914,10.228571428571428,5.728571428571429,15.542857142857143,148.57142857142858,2.442857142857143,1024.8285714285716,17.5,4.742857142857143,6.7785714285714285,10.771428571428572,7.642857142857144,15.057142857142859,5.964285714285714,370252625.0,619703721.0,74534863.0
1084,2020-10-12,1.0776400000000002,8.828571428571427,4.142857142857143,15.228571428571428,82.85714285714286,2.3857142857142857,1027.5428571428572,0.1285714285714286,3.3000000000000003,7.371428571428572,9.457142857142856,8.707142857142857,11.128571428571428,6.25,430954067.0,638464264.0,83181931.0
1085,2020-10-19,1.07228,7.157142857142857,2.085714285714286,13.457142857142857,114.0,3.4571428571428577,1025.5142857142857,7.328571428571429,0.942857142857143,9.235714285714286,8.72857142857143,7.357142857142858,11.342857142857142,5.4,481122833.0,626094638.0,85334965.0
1086,2020-10-26,1.07198,3.714285714285714,-0.4428571428571427,10.171428571428573,104.0,5.500000000000001,1028.6857142857143,20.97142857142857,3.042857142857143,7.5285714285714285,9.285714285714286,5.1,13.157142857142858,5.392857142857142,653065787.0,591488789.0,70115239.0
1087,2020-11-02,1.07004,2.314285714285714,-1.4285714285714288,7.3571428571428585,108.85714285714286,3.2714285714285714,1018.0428571428572,21.599999999999998,5.257142857142858,5.492857142857143,10.62857142857143,4.985714285714286,12.157142857142857,5.085714285714285,625053525.0,596301615.0,70879565.0
1088,2020-11-09,1.0713599999999999,2.2857142857142856,0.9142857142857144,4.214285714285714,108.14285714285714,4.2,1002.1857142857142,20.914285714285715,5.499999999999999,5.1571428571428575,8.742857142857144,4.792857142857143,7.6000000000000005,4.321428571428571,587935022.0,614366603.0,79768110.0
1089,2020-11-16,1.08078,3.2857142857142856,-0.19999999999999996,7.471428571428571,72.57142857142857,2.485714285714286,1016.4142857142857,21.88571428571429,2.6999999999999997,3.335714285714286,7.742857142857143,5.5357142857142865,3.8571428571428577,5.4,630332369.0,663374633.0,82225225.0
1090,2020-11-23,1.0808399999999998,4.585714285714286,1.2428571428571427,7.871428571428571,80.71428571428571,1.9857142857142858,1025.442857142857,21.37142857142857,2.785714285714285,6.542857142857143,4.714285714285714,7.071428571428573,3.557142857142857,5.207142857142857,764100369.0,633712703.0,77408215.0
1091,2020-11-30,1.08292,0.18571428571428544,-5.557142857142858,3.885714285714286,88.0,5.742857142857143,1007.2142857142857,19.642857142857142,0.5571428571428572,7.314285714285714,2.242857142857143,6.450000000000001,6.071428571428571,3.7071428571428564,665507376.0,704667653.0,102058846.0
1092,2020-12-07,1.0821999999999998,1.0999999999999999,-0.4571428571428572,2.7857142857142856,91.0,2.657142857142857,1011.0285714285714,,-3.542857142857143,5.357142857142858,1.1428571428571428,4.935714285714285,3.485714285714286,4.528571428571428,717515580.0,609730052.0,97512399.0
1093,2020-12-14,1.07728,-0.5285714285714285,-5.057142857142857,5.428571428571429,95.85714285714286,4.457142857142857,1017.3285714285714,,-4.442857142857142,6.37857142857143,2.614285714285714,4.607142857142856,2.9142857142857146,5.899999999999999,623189901.0,459076609.0,93596036.0
1094,2020-12-21,1.08064,1.1142857142857143,-2.685714285714286,5.985714285714287,113.57142857142857,3.028571428571428,1020.3857142857142,,-1.0,5.078571428571429,4.371428571428572,4.007142857142857,4.285714285714286,5.37142857142857,810766007.0,630312162.0,85282114.0
1095,2020-12-28,1.084475,2.4285714285714284,-1.1714285714285713,6.828571428571429,88.0,5.285714285714286,1008.1999999999999,,,3.0714285714285716,,3.8285714285714287,5.471428571428572,6.135714285714286,789008800.0,541224436.0,53770696.0
1096,2021-01-04,1.0833,4.871428571428572,0.7428571428571428,9.357142857142858,90.28571428571429,3.3857142857142857,1007.8285714285714,,-6.885714285714286,3.528571428571429,-0.31428571428571433,3.7142857142857144,3.857142857142857,7.1000000000000005,769088862.0,425289692.0,53389748.0
1097,2021-01-11,1.08244,6.1000000000000005,2.3285714285714287,10.1,124.42857142857143,5.857142857142857,1006.0571428571428,,-7.928571428571429,6.628571428571429,-0.9857142857142855,7.300000000000002,4.6000000000000005,7.171428571428572,688797843.0,651736290.0,111082785.0
1098,2021-01-18,1.0789199999999999,2.0285714285714285,-2.071428571428571,7.1571428571428575,151.57142857142858,3.6,1029.357142857143,,-3.3999999999999995,10.200000000000001,1.1285714285714286,6.6571428571428575,2.814285714285714,6.15,667917102.0,580044723.0,108128800.0
1099,2021-01-25,1.0773,8.342857142857142,2.685714285714286,15.257142857142858,106.0,2.7714285714285714,1030.814285714286,,-5.157142857142857,6.7,1.0,7.2857142857142865,2.5142857142857147,5.771428571428572,813754133.0,610944843.0,91584557.0
1100,2021-02-01,1.0789,8.414285714285715,1.5142857142857145,15.471428571428573,215.71428571428572,4.114285714285714,1029.442857142857,,-3.7,7.1571428571428575,3.6571428571428575,4.528571428571429,2.7285714285714286,5.4785714285714295,713612077.0,569573495.0,83289238.0
1101,2021-02-08,1.08194,7.471428571428572,1.3571428571428572,12.77142857142857,217.42857142857142,6.485714285714286,1019.7571428571428,,-1.1714285714285713,3.2714285714285714,3.9285714285714284,5.714285714285714,6.700000000000001,7.557142857142857,712899884.0,605426716.0,49268331.0
1102,2021-02-15,1.08058,8.342857142857143,1.7571428571428573,13.842857142857143,149.85714285714286,10.142857142857142,1014.5857142857142,,-7.128571428571429,6.614285714285714,0.7142857142857143,5.3,4.571428571428571,9.0,562125361.0,564662639.0,59650709.0
1103,2021-02-22,1.08348,7.357142857142857,-0.35714285714285726,14.1,218.85714285714286,10.0,1018.3857142857142,,-1.5285714285714285,4.785714285714286,7.6000000000000005,5.271428571428571,5.957142857142857,7.078571428571429,815860805.0,651870648.0,48042856.0
1104,2021-03-01,1.1010199999999999,12.871428571428572,5.142857142857143,20.24285714285714,221.0,5.442857142857142,1026.5285714285715,,2.242857142857143,6.828571428571428,7.728571428571429,6.57142857142857,7.114285714285714,7.071428571428571,730445734.0,598489886.0,47502560.0
1105,2021-03-08,1.10762,11.057142857142855,4.285714285714286,16.400000000000002,101.14285714285714,12.428571428571429,1014.5428571428572,,-1.1999999999999997,5.342857142857143,5.485714285714286,6.714285714285714,4.085714285714286,8.128571428571428,632095402.0,654795403.0,48454711.0
1106,2021-03-15,1.10768,8.571428571428571,4.8428571428571425,12.342857142857143,199.0,10.028571428571428,1021.9857142857144,,-2.7857142857142856,7.571428571428571,5.657142857142857,12.37142857142857,7.114285714285714,8.635714285714286,693487157.0,614727249.0,45046283.0
1107,2021-03-22,1.10476,10.057142857142859,2.3000000000000003,16.728571428571428,263.0,6.0,1017.2285714285715,,-5.771428571428571,12.685714285714285,6.3,13.885714285714284,8.7,7.7214285714285715,671166851.0,503410602.0,41211541.0
1108,2021-03-29,1.1068799999999999,13.885714285714286,9.157142857142857,18.285714285714285,265.42857142857144,6.871428571428573,1014.3000000000001,,0.7,9.471428571428573,11.657142857142858,7.571428571428571,6.2142857142857135,7.2214285714285715,659911594.0,497742307.0,37914702.0
1109,2021-04-05,1.1075333333333333,13.485714285714284,9.3,17.485714285714288,186.57142857142858,7.742857142857143,1012.0285714285716,53.0,5.314285714285715,9.157142857142857,8.842857142857143,13.028571428571427,7.2142857142857135,7.6,522781916.0,498423067.0,54340044.0
1110,2021-04-12,1.1028600000000002,14.485714285714284,8.871428571428572,19.900000000000002,147.0,6.942857142857143,1012.8714285714285,50.0,-4.042857142857143,7.2857142857142865,6.457142857142856,11.314285714285715,10.87142857142857,7.664285714285715,438526498.0,469629452.0,71713732.0
1111,2021-04-19,1.1017800000000002,14.571428571428571,6.5,20.914285714285715,159.71428571428572,7.671428571428572,1010.9857142857143,,-4.128571428571428,11.657142857142857,8.271428571428572,8.114285714285714,13.342857142857142,8.271428571428572,626316226.0,453724519.0,57918871.0
1112,2021-04-26,1.1038999999999999,15.128571428571428,9.62857142857143,20.599999999999998,181.57142857142858,6.514285714285713,1015.8714285714286,,1.8142857142857143,6.528571428571428,11.728571428571428,7.714285714285714,13.228571428571428,8.214285714285714,563903978.0,370836138.0,36605437.0
1113,2021-05-03,1.10232,19.114285714285717,12.599999999999998,24.071428571428573,276.7142857142857,7.314285714285714,1018.5428571428572,,1.4142857142857144,4.957142857142857,10.400000000000002,8.942857142857145,13.200000000000001,7.078571428571428,491551902.0,498405892.0,51842336.0
1114,2021-05-10,1.096,20.085714285714285,14.5,25.814285714285713,151.28571428571428,6.071428571428571,1018.9571428571429,,1.5285714285714285,5.914285714285714,12.242857142857144,9.871428571428572,13.557142857142859,7.757142857142858,439804658.0,428402974.0,54841310.0
1115,2021-05-17,1.09608,23.457142857142856,16.014285714285712,29.52857142857143,266.7142857142857,7.042857142857143,1016.9428571428571,,2.7857142857142856,9.171428571428573,11.97142857142857,9.299999999999999,14.314285714285715,8.114285714285714,300452793.0,518098086.0,87546354.0
1116,2021-05-24,1.0974,21.985714285714284,17.17142857142857,28.457142857142856,174.28571428571428,6.671428571428572,1014.0857142857143,,2.3714285714285714,8.885714285714284,12.057142857142859,7.457142857142856,16.442857142857143,8.335714285714285,415244176.0,434007537.0,66616490.0
1117,2021-05-31,1.09688,21.671428571428574,15.371428571428572,28.385714285714283,158.28571428571428,5.714285714285714,1013.7142857142857,,4.957142857142857,6.200000000000001,15.742857142857144,7.614285714285715,16.88571428571429,9.907142857142858,555647569.0,365556478.0,73225229.0
1118,2021-06-07,1.09628,20.485714285714288,15.457142857142856,26.085714285714285,230.71428571428572,5.8999999999999995,1013.9571428571428,,8.1,5.814285714285715,17.02857142857143,6.071428571428571,15.928571428571429,9.17142857142857,452965919.0,476387426.0,81025775.0
1119,2021-06-14,1.09016,20.057142857142857,13.87142857142857,26.27142857142857,146.0,6.885714285714286,1013.3285714285713,,11.514285714285716,8.857142857142858,21.085714285714285,8.614285714285714,13.77142857142857,6.835714285714285,397294845.0,571312755.0,88931085.0
1120,2021-06-21,1.0923,23.885714285714293,16.7,30.357142857142854,193.14285714285714,7.114285714285715,1014.0571428571428,,13.757142857142856,5.357142857142857,19.74285714285714,6.428571428571428,16.342857142857145,6.892857142857142,360604625.0,640881962.0,88570314.0
1121,2021-06-28,1.09596,21.17142857142857,18.25714285714286,25.314285714285713,180.14285714285714,6.1000000000000005,1014.0285714285714,,10.285714285714286,5.214285714285714,18.82857142857143,7.142857142857143,19.485714285714288,8.95,354965398.0,636818701.0,92748138.0
1122,2021-07-05,1.0962,19.47142857142857,15.342857142857143,24.185714285714287,102.57142857142857,5.471428571428572,1011.0714285714286,,10.742857142857142,7.300000000000002,18.02857142857143,5.985714285714286,20.214285714285715,8.028571428571428,359350925.0,699335915.0,84173803.0
1123,2021-07-12,1.08804,21.62857142857143,15.885714285714284,27.628571428571426,315.85714285714283,5.2142857142857135,1014.3142857142856,,11.157142857142857,6.585714285714286,17.314285714285713,6.714285714285715,20.457142857142856,7.328571428571429,394493525.0,746244597.0,95459280.0
1124,2021-07-19,1.08436,22.914285714285715,17.357142857142858,29.199999999999996,240.0,5.914285714285714,1015.8000000000001,,10.814285714285715,10.942857142857141,21.11428571428571,10.485714285714286,18.74285714285714,7.735714285714286,344458143.0,738892853.0,113499015.0
1125,2021-07-26,1.08358,21.157142857142855,15.942857142857145,27.17142857142857,284.7142857142857,5.700000000000001,1015.4714285714284,,13.757142857142856,5.528571428571429,18.25714285714286,5.1,20.485714285714288,7.192857142857142,360171741.0,761196857.0,123298717.0
1126,2021-08-02,1.07856,19.057142857142857,13.028571428571428,25.428571428571427,274.7142857142857,5.828571428571429,1015.3714285714285,,11.142857142857144,4.8,16.814285714285713,5.428571428571429,21.071428571428573,6.992857142857142,423616291.0,765340723.0,135711097.0
1127,2021-08-09,1.0741399999999999,20.528571428571432,16.071428571428573,25.857142857142858,270.0,4.385714285714285,1019.657142857143,,9.72857142857143,6.042857142857143,18.514285714285716,6.057142857142857,20.25714285714286,7.842857142857143,381177269.0,779507775.0,139580821.0
1128,2021-08-16,1.08084,19.342857142857145,15.485714285714286,24.37142857142857,208.71428571428572,3.5714285714285716,1017.1285714285714,,15.0,4.5285714285714285,20.37142857142857,7.185714285714285,22.04285714285714,7.771428571428572,317644978.0,705501068.0,133050992.0
1129,2021-08-23,1.07234,17.099999999999998,12.728571428571428,21.771428571428572,165.71428571428572,5.928571428571429,1017.1142857142856,9.299999999999999,12.014285714285714,6.1571428571428575,18.385714285714283,6.871428571428573,19.7,5.935714285714286,434567348.0,557472091.0,83868019.0
1130,2021-08-30,1.07666,17.28571428571429,13.071428571428571,21.88571428571429,185.71428571428572,4.114285714285714,1020.3857142857142,2.8857142857142857,9.642857142857142,8.971428571428572,16.75714285714286,8.428571428571429,20.24285714285714,6.0285714285714285,551801595.0,641849934.0,79966044.0
1131,2021-09-06,1.0844799999999999,15.785714285714286,13.828571428571427,18.142857142857142,186.28571428571428,7.742857142857143,1017.8142857142858,17.12857142857143,9.914285714285715,5.214285714285714,17.400000000000002,5.1000000000000005,15.200000000000001,6.300000000000001,546422878.0,564324022.0,78805586.0
1132,2021-09-13,1.08658,11.085714285714285,5.528571428571428,17.271428571428576,141.0,5.128571428571428,1021.1714285714287,0.0,10.014285714285714,2.9857142857142853,17.071428571428573,4.5857142857142845,17.071428571428573,5.764285714285714,571124504.0,552242294.0,74325264.0
1133,2021-09-20,1.08864,10.314285714285715,5.185714285714285,17.0,101.28571428571429,3.1285714285714286,1022.3857142857142,0.5428571428571428,10.314285714285713,4.571428571428571,14.385714285714284,5.7,19.142857142857142,5.521428571428571,578219576.0,547447118.0,74948383.0
1134,2021-09-27,1.08352,8.400000000000002,2.971428571428571,15.457142857142857,110.71428571428571,2.914285714285714,1024.4142857142856,0.0,9.2,5.9142857142857155,15.042857142857144,5.314285714285715,16.428571428571427,5.0,533877601.0,416953439.0,61211511.0
1135,2021-10-04,1.0811600000000001,8.514285714285714,5.1571428571428575,11.999999999999998,65.28571428571429,3.5285714285714285,1011.7714285714286,12.985714285714286,7.614285714285714,5.642857142857143,13.228571428571428,9.299999999999999,11.028571428571428,6.071428571428572,722988745.0,436412348.0,48684684.0
1136,2021-10-11,1.0727,6.142857142857143,1.0,13.27142857142857,98.57142857142857,4.514285714285714,1024.3999999999999,0.014285714285714287,4.871428571428572,9.92857142857143,9.985714285714284,8.114285714285716,10.771428571428572,7.642857142857144,651985153.0,452116234.0,80351654.0
1137,2021-10-18,1.07156,8.414285714285715,5.299999999999999,11.942857142857145,96.28571428571429,2.8285714285714287,1020.6142857142859,2.9285714285714293,4.742857142857145,8.9,9.357142857142856,5.728571428571428,9.457142857142856,8.707142857142857,715985672.0,408965576.0,72447868.0
1138,2021-10-25,1.06958,5.957142857142857,2.8000000000000003,10.114285714285716,78.28571428571429,2.142857142857143,1020.4714285714286,2.1,5.4,5.5,8.142857142857142,5.857142857142857,8.72857142857143,7.357142857142858,837664505.0,538878719.0,73517966.0
1139,2021-11-01,1.06366,3.2857142857142856,-0.9714285714285714,7.799999999999999,81.57142857142857,4.828571428571429,1003.2857142857143,4.357142857142857,3.371428571428571,4.228571428571429,7.285714285714286,4.742857142857143,9.285714285714286,5.1,874969173.0,454586035.0,66011349.0
1140,2021-11-08,1.05732,2.6285714285714286,-1.542857142857143,8.171428571428573,89.71428571428571,5.514285714285713,1009.0000000000001,2.4714285714285715,-0.27142857142857135,8.442857142857145,5.7,5.5,10.62857142857143,4.985714285714286,798419079.0,374020263.0,73767819.0
1141,2021-11-15,1.05618,2.0714285714285716,-2.1714285714285717,7.757142857142857,99.0,4.771428571428572,1022.0428571428572,0.0,2.957142857142857,4.514285714285714,7.685714285714285,4.3428571428571425,8.742857142857144,4.792857142857143,807269684.0,492442972.0,66021158.0
1142,2021-11-22,1.0497,0.37142857142857144,-2.971428571428572,6.0857142857142845,93.28571428571429,2.9428571428571426,1026.7428571428572,0.0,3.6571428571428575,5.328571428571428,5.857142857142857,4.442857142857143,7.742857142857143,5.5357142857142865,723441705.0,410956161.0,80818178.0
1143,2021-11-29,1.04684,2.8428571428571425,-0.8428571428571427,7.671428571428572,97.14285714285714,3.2285714285714286,1012.6142857142858,0.1142857142857143,-2.685714285714286,5.7,3.0428571428571423,7.7,4.714285714285714,7.071428571428573,819649889.0,388521744.0,81893077.0
1144,2021-12-06,1.04148,3.8428571428571425,-0.014285714285714386,9.985714285714284,106.14285714285714,6.485714285714286,1018.8285714285714,1.4714285714285713,-5.228571428571429,10.042857142857143,1.9000000000000001,7.957142857142856,2.242857142857143,6.450000000000001,873962140.0,425840976.0,79798760.0
1145,2021-12-13,1.04268,0.39999999999999997,-4.4714285714285715,7.042857142857144,93.71428571428571,5.457142857142857,1021.8857142857142,0.0,-5.171428571428572,13.414285714285715,4.114285714285714,8.042857142857143,1.1428571428571428,4.935714285714285,728169321.0,338808030.0,65210441.0
1146,2021-12-20,1.0418800000000001,3.3285714285714287,-2.528571428571429,10.742857142857144,99.14285714285714,6.371428571428571,1028.3285714285714,0.0,5.614285714285714,10.814285714285713,3.3000000000000003,5.971428571428571,2.614285714285714,4.607142857142856,614796184.0,368761482.0,80092584.0
1147,2021-12-27,1.0412,1.6000000000000003,-4.014285714285714,8.8,112.14285714285714,5.200000000000001,1029.3999999999999,0.0,-1.6857142857142855,5.771428571428572,4.671428571428572,4.8999999999999995,4.371428571428572,4.007142857142857,748461485.0,427269918.0,60513544.0
1148,2022-01-03,1.03654,7.071428571428571,-0.04285714285714296,14.257142857142856,112.85714285714286,12.971428571428572,1020.3714285714286,0.0,4.042857142857143,7.1571428571428575,6.471428571428572,8.2,,3.8285714285714287,863027873.0,598958128.0,36928706.0
1149,2022-01-10,1.03964,3.6714285714285717,-2.6714285714285713,11.114285714285714,93.85714285714286,5.385714285714286,1024.242857142857,0.3833333333333333,-3.814285714285714,10.414285714285713,1.2857142857142858,7.385714285714286,-0.31428571428571433,3.7142857142857144,890137678.0,569621658.0,37855583.0
1150,2022-01-17,1.04598,3.6714285714285713,-1.842857142857143,10.1,83.85714285714286,4.814285714285715,1021.6571428571427,2.185714285714286,0.6714285714285715,12.314285714285713,5.0,8.085714285714285,-0.9857142857142855,7.300000000000002,699944466.0,422403635.0,71827077.0
1151,2022-01-24,1.0368,7.457142857142857,0.7000000000000001,14.657142857142857,200.85714285714286,7.028571428571429,1018.3142857142857,0.05714285714285715,-1.1714285714285713,15.77142857142857,3.942857142857143,9.028571428571428,1.1285714285714286,6.6571428571428575,736501725.0,453384733.0,57340142.0
1152,2022-01-31,1.03846,5.0,-2.3857142857142857,12.285714285714286,174.0,7.3428571428571425,1024.8714285714284,0.0,2.7142857142857144,13.314285714285715,7.571428571428571,14.685714285714285,1.0,7.2857142857142865,678136153.0,510036396.0,72333786.0
1153,2022-02-07,1.04636,3.9571428571428577,-2.8000000000000003,10.557142857142859,177.57142857142858,5.8428571428571425,1020.2714285714285,0.0,-1.1857142857142857,8.9,4.885714285714286,8.27142857142857,3.6571428571428575,4.528571428571429,851864414.0,485480272.0,56286015.0
1154,2022-02-14,1.0539999999999998,7.557142857142857,3.1999999999999997,11.342857142857143,247.71428571428572,5.685714285714286,1029.0,0.31428571428571433,-1.5857142857142859,9.557142857142859,3.3428571428571425,7.114285714285714,3.9285714285714284,5.714285714285714,903483235.0,560711305.0,58653108.0
1155,2022-02-21,1.04608,9.271428571428572,2.1428571428571432,15.799999999999999,288.57142857142856,6.47142857142857,1033.1571428571428,0.0,-0.9142857142857145,9.185714285714285,7.671428571428571,10.028571428571428,0.7142857142857143,5.3,949617232.0,618584372.0,44851631.0
1156,2022-02-28,1.0381399999999998,10.542857142857144,3.142857142857143,18.2,246.85714285714286,5.428571428571429,1017.342857142857,0.16666666666666666,-3.0714285714285716,10.257142857142856,3.814285714285714,9.785714285714286,7.6000000000000005,5.271428571428571,869399960.0,579158029.0,56490566.0
1157,2022-03-07,1.0156,9.557142857142859,3.657142857142858,14.599999999999998,210.71428571428572,9.22857142857143,1007.2285714285715,1.6000000000000003,-3.257142857142857,7.8,2.4142857142857146,7.228571428571429,7.728571428571429,6.57142857142857,794659121.0,562234044.0,67265329.0
1158,2022-03-14,1.02116,12.085714285714287,3.3,19.3,217.42857142857142,8.5,1014.7714285714285,0.8666666666666667,-4.328571428571428,4.185714285714285,6.185714285714286,6.128571428571428,5.485714285714286,6.714285714285714,932265413.0,581152612.0,33114475.0
1159,2022-03-21,1.0327,13.685714285714285,6.171428571428572,19.557142857142857,248.28571428571428,8.471428571428572,1014.7142857142857,0.0,-0.5142857142857142,3.414285714285714,7.899999999999999,7.042857142857143,5.657142857142857,12.37142857142857,778166935.0,543848463.0,47257866.0
1160,2022-03-28,1.0246600000000001,12.614285714285716,7.028571428571429,18.15714285714286,280.14285714285717,6.742857142857143,1010.9285714285714,9.22857142857143,0.3714285714285714,5.8,10.028571428571427,7.357142857142857,6.3,13.885714285714284,803514155.0,564579058.0,39870221.0
1161,2022-04-04,1.0271599999999999,14.242857142857142,9.385714285714288,18.657142857142855,163.14285714285714,7.057142857142857,1018.7857142857143,6.628571428571429,-1.8000000000000003,10.157142857142857,7.442857142857143,9.685714285714285,11.657142857142858,7.571428571428571,613782947.0,488031867.0,47538918.0
1162,2022-04-11,1.0169599999999999,17.400000000000002,12.071428571428571,23.0,258.57142857142856,6.971428571428571,1020.4,0.6571428571428571,-0.3000000000000001,7.257142857142857,10.657142857142858,10.62857142857143,8.842857142857143,13.028571428571427,581719163.0,440991315.0,47219885.0
1163,2022-04-18,1.0145333333333333,20.8,14.87142857142857,26.742857142857144,255.0,6.957142857142857,1019.4857142857144,2.216666666666667,4.485714285714286,6.828571428571428,12.62857142857143,10.057142857142859,6.457142857142856,11.314285714285715,603395231.0,533278322.0,27578407.0
1164,2022-04-25,1.028,20.642857142857146,15.242857142857144,25.842857142857138,186.42857142857142,6.785714285714286,1014.6000000000001,2.9285714285714284,1.7571428571428573,4.785714285714286,10.471428571428572,7.385714285714285,8.271428571428572,8.114285714285714,525674727.0,539176912.0,44934922.0
1165,2022-05-02,1.02312,18.785714285714285,13.357142857142856,23.942857142857143,263.85714285714283,7.357142857142857,1013.2571428571428,3.685714285714286,3.028571428571429,5.871428571428571,12.114285714285716,6.657142857142857,11.728571428571428,7.714285714285714,544012596.0,507672330.0,40003861.0
1166,2022-05-09,1.03664,19.82857142857143,13.799999999999999,25.442857142857147,205.0,6.728571428571429,1014.4571428571428,12.314285714285715,4.114285714285715,5.414285714285714,15.028571428571427,7.1000000000000005,10.400000000000002,8.942857142857145,464998860.0,465738240.0,41939714.0
1167,2022-05-16,1.04332,22.657142857142862,15.571428571428571,29.185714285714287,224.71428571428572,6.685714285714285,1017.657142857143,0.042857142857142864,9.614285714285714,5.542857142857143,18.385714285714283,6.585714285714286,12.242857142857144,9.871428571428572,511087688.0,628924249.0,51651127.0
1168,2022-05-23,1.03596,23.285714285714285,17.742857142857144,28.97142857142857,220.0,6.057142857142857,1015.0142857142856,12.157142857142857,12.14285714285714,6.571428571428571,18.071428571428573,6.228571428571429,11.97142857142857,9.299999999999999,415180244.0,705690633.0,60201139.0
1169,2022-05-30,1.02942,21.87142857142857,16.657142857142855,27.099999999999998,240.0,5.971428571428572,1013.5857142857143,16.02857142857143,8.77142857142857,9.171428571428569,16.000000000000004,10.933333333333335,12.057142857142859,7.457142857142856,469840152.0,526952652.0,53915341.0
1170,2022-06-06,1.02932,23.657142857142855,17.757142857142856,29.485714285714288,139.57142857142858,8.328571428571427,1016.7285714285715,5.742857142857143,5.566666666666666,10.266666666666667,,,15.742857142857144,7.614285714285715,458328803.0,521544792.0,50590007.0
1171,2022-06-13,1.04366,23.54285714285714,15.571428571428571,30.085714285714285,284.0,7.2,1019.1714285714286,0.0,,,21.133333333333336,7.8999999999999995,17.02857142857143,6.071428571428571,504930392.0,508987843.0,43185320.0
1172,2022-06-20,1.0247600000000001,26.17142857142857,19.428571428571434,32.95714285714286,312.7142857142857,5.7,1017.5285714285712,0.0,14.783333333333333,6.5,21.685714285714283,7.528571428571429,21.085714285714285,8.614285714285714,567547441.0,557235438.0,43444402.0
1173,2022-06-27,1.01424,25.414285714285715,19.32857142857143,31.985714285714284,237.28571428571428,6.185714285714285,1013.7714285714286,7.471428571428571,12.242857142857144,4.742857142857142,19.228571428571428,6.414285714285714,19.74285714285714,6.428571428571428,529572797.0,528775342.0,49361861.0
1174,2022-07-04,1.0026,23.699999999999996,16.814285714285713,30.657142857142855,238.14285714285714,5.242857142857142,1015.5999999999998,0.17142857142857143,13.0,5.385714285714286,20.62857142857143,8.142857142857142,18.82857142857143,7.142857142857143,531082630.0,568868931.0,48855043.0
1175,2022-07-11,0.9911,24.599999999999998,18.814285714285713,31.37142857142857,242.85714285714286,6.828571428571429,1016.6571428571427,0.5714285714285714,13.742857142857144,10.914285714285715,21.728571428571428,10.671428571428573,18.02857142857143,5.985714285714286,518014582.0,614049865.0,40374600.0
1176,2022-07-18,0.98626,21.900000000000002,16.27142857142857,27.414285714285715,173.0,6.628571428571428,1011.8142857142858,15.728571428571428,15.371428571428572,6.0,23.985714285714288,7.685714285714286,17.314285714285713,6.714285714285715,480530320.0,624703559.0,26823544.0
1177,2022-07-25,0.98878,22.042857142857144,14.828571428571427,29.5,214.0,5.471428571428572,1012.642857142857,0.0,16.457142857142856,4.414285714285714,22.928571428571427,7.014285714285713,21.11428571428571,10.485714285714286,412501749.0,776919551.0,29972180.0
1178,2022-08-01,0.97478,22.2,16.514285714285716,28.12857142857143,275.2857142857143,6.085714285714287,1013.8714285714285,1.8857142857142857,14.342857142857143,7.414285714285714,22.085714285714285,8.071428571428571,18.25714285714286,5.1,485601928.0,788157333.0,27106269.0
1179,2022-08-08,0.9764200000000001,20.014285714285712,16.25714285714286,25.2,151.0,5.0,1017.4285714285714,30.52857142857143,15.799999999999999,5.942857142857142,21.77142857142857,6.8999999999999995,16.814285714285713,5.428571428571429,486906387.0,654791365.0,21606932.0
1180,2022-08-15,0.9701599999999999,19.414285714285715,14.099999999999998,25.385714285714283,208.85714285714286,4.757142857142857,1013.0142857142857,4.628571428571428,13.257142857142856,4.314285714285715,19.657142857142862,6.257142857142858,18.514285714285716,6.057142857142857,464892212.0,619562430.0,23598111.0
1181,2022-08-22,0.9638,15.8,9.200000000000001,21.74285714285714,172.85714285714286,8.028571428571427,1014.6428571428571,0.0,11.942857142857141,7.457142857142857,20.32857142857143,9.385714285714286,20.37142857142857,7.185714285714285,382757211.0,463927726.0,30033868.0
1182,2022-08-29,0.96212,13.714285714285714,10.071428571428571,18.02857142857143,184.57142857142858,4.057142857142857,1008.5571428571429,3.4,13.742857142857142,6.8,19.214285714285715,5.871428571428572,18.385714285714283,6.871428571428573,400323912.0,596918416.0,17124867.0
1183,2022-09-05,0.9785,14.4,9.514285714285716,19.900000000000002,102.28571428571429,4.614285714285714,1020.5142857142857,2.842857142857143,11.228571428571428,4.642857142857143,17.58571428571429,4.8,16.75714285714286,8.428571428571429,554605638.0,587900527.0,19266375.0
1184,2022-09-12,0.97116,14.585714285714285,10.585714285714285,19.54285714285714,206.57142857142858,2.728571428571428,1022.5428571428572,6.9142857142857155,10.542857142857143,5.0,16.999999999999996,5.8428571428571425,17.400000000000002,5.1000000000000005,445397839.0,608929948.0,30970678.0
1185,2022-09-19,0.9618,14.428571428571429,9.828571428571427,20.099999999999998,137.28571428571428,2.814285714285714,1023.0142857142857,0.0,9.085714285714285,7.557142857142858,14.1,11.014285714285714,17.071428571428573,4.5857142857142845,554909929.0,604328488.0,24072517.0
1186,2022-09-26,0.9599399999999999,15.214285714285712,11.942857142857141,18.614285714285717,164.57142857142858,4.128571428571429,1021.1999999999999,23.01428571428571,4.628571428571428,5.342857142857143,11.557142857142859,5.1000000000000005,14.385714285714284,5.7,564565970.0,575933279.0,19835219.0
1187,2022-10-03,0.95394,12.057142857142855,7.814285714285716,18.128571428571426,116.28571428571429,2.2142857142857144,1024.6714285714286,2.4,4.457142857142857,5.957142857142857,12.914285714285713,5.942857142857144,15.042857142857144,5.314285714285715,615080265.0,473944669.0,17241702.0
1188,2022-10-10,0.97224,9.214285714285714,4.542857142857143,14.685714285714285,74.71428571428571,4.714285714285714,1018.6857142857142,2.4285714285714284,8.642857142857144,5.128571428571428,12.942857142857141,4.714285714285714,13.228571428571428,9.299999999999999,662968206.0,697245462.0,21002982.0
1189,2022-10-17,0.97166,7.67142857142857,2.7857142857142856,12.828571428571431,124.42857142857143,3.042857142857143,1020.2571428571426,1.5285714285714287,6.6,2.8285714285714287,13.685714285714287,4.700000000000001,9.985714285714284,8.114285714285716,588545572.0,498294504.0,19687007.0
1190,2022-10-24,0.9829800000000001,6.142857142857143,1.3714285714285714,12.528571428571427,88.57142857142857,4.714285714285714,1007.0142857142857,1.6428571428571428,8.4,4.128571428571428,13.214285714285714,5.228571428571429,9.357142857142856,5.728571428571428,587727414.0,482557929.0,34125466.0
1191,2022-10-31,0.9919800000000001,4.671428571428572,0.6285714285714287,9.871428571428572,59.42857142857143,2.8857142857142857,1021.7714285714286,0.07142857142857142,9.128571428571428,4.1571428571428575,12.371428571428572,4.8,8.142857142857142,5.857142857142857,396522468.0,518144084.0,57757341.0
1192,2022-11-07,0.9873,3.0714285714285716,0.41428571428571415,6.700000000000001,110.85714285714286,3.0285714285714285,1017.1,8.957142857142857,3.5428571428571423,6.985714285714286,8.657142857142858,6.957142857142857,7.285714285714286,4.742857142857143,580754633.0,425126291.0,41300648.0
1193,2022-11-14,0.9843999999999999,0.7428571428571429,-2.5714285714285716,4.514285714285714,71.0,4.871428571428572,1007.0428571428571,3.1000000000000005,4.328571428571428,4.528571428571429,7.642857142857144,4.442857142857143,5.7,5.5,761220334.0,584145631.0,39346358.0
1194,2022-11-21,0.98202,1.1428571428571428,-2.3000000000000003,5.671428571428571,74.71428571428571,2.7142857142857144,1023.6142857142858,0.014285714285714287,-0.2571428571428572,7.014285714285713,6.271428571428571,7.642857142857143,7.685714285714285,4.3428571428571425,831034964.0,569628761.0,41177129.0
1195,2022-11-28,0.98224,4.7,1.2857142857142858,9.9,86.0,2.7,1023.5285714285714,0.0,-1.2857142857142854,8.542857142857141,4.428571428571428,5.0,5.857142857142857,4.442857142857143,952053085.0,580403615.0,34083541.0
1196,2022-12-05,0.98622,6.885714285714286,4.5,10.085714285714287,107.0,2.028571428571428,1028.814285714286,1.0999999999999999,-2.642857142857143,4.385714285714285,2.0428571428571427,4.142857142857143,3.0428571428571423,7.7,730980483.0,490447059.0,54083013.0
1197,2022-12-12,0.9873,3.8999999999999995,0.6714285714285714,8.071428571428571,93.71428571428571,3.6571428571428575,1020.0857142857142,2.2857142857142856,-4.342857142857143,8.799999999999999,0.14285714285714293,6.728571428571429,1.9000000000000001,7.957142857142856,687189066.0,390910139.0,69910100.0
1198,2022-12-19,0.9871800000000001,1.5857142857142859,-2.157142857142857,6.2142857142857135,88.57142857142857,4.614285714285714,1007.2571428571428,0.24285714285714285,-5.028571428571429,5.685714285714285,2.4285714285714284,4.671428571428572,4.114285714285714,8.042857142857143,567771315.0,454584195.0,86570657.0
1199,2022-12-26,0.985225,2.7857142857142856,-2.6571428571428575,8.428571428571429,149.0,7.357142857142857,1019.657142857143,0.0,1.4428571428571428,4.5857142857142845,5.528571428571429,4.300000000000001,3.3000000000000003,5.971428571428571,885319235.0,526461667.0,40753615.0
1200,2023-01-02,0.9861599999999999,2.9285714285714284,-2.8857142857142857,9.714285714285714,160.85714285714286,4.771428571428571,1021.3571428571429,0.0,-0.41428571428571426,3.914285714285714,6.871428571428571,4.0285714285714285,4.671428571428572,4.8999999999999995,734959516.0,478841731.0,22405008.0
1201,2023-01-09,0.9858,5.228571428571429,-0.3999999999999999,9.62857142857143,186.85714285714286,9.057142857142857,1032.4142857142856,0.18571428571428572,1.0571428571428572,5.671428571428572,4.671428571428572,6.700000000000001,6.471428571428572,8.2,798964807.0,616094175.0,29238661.0
1202,2023-01-16,1.00016,2.7857142857142856,-3.6571428571428575,11.985714285714286,93.0,2.7428571428571433,1034.685714285714,0.0,-1.8285714285714285,8.142857142857144,1.4714285714285715,6.4142857142857155,1.2857142857142858,7.385714285714286,930018450.0,674302619.0,64741040.0
1203,2023-01-23,0.9960000000000001,6.328571428571429,0.8857142857142856,13.14285714285714,236.28571428571428,3.314285714285714,1023.6714285714287,0.0,-8.2,15.485714285714286,1.6428571428571428,11.242857142857144,5.0,8.085714285714285,735642839.0,624539210.0,81525550.0
1204,2023-01-30,1.00274,6.585714285714286,2.3428571428571425,10.5,215.71428571428572,8.828571428571427,1013.3999999999999,0.2571428571428572,-3.3714285714285714,10.942857142857141,3.914285714285714,10.657142857142857,3.942857142857143,9.028571428571428,622306544.0,604359976.0,100505457.0
1205,2023-02-06,0.99914,7.828571428571428,1.4,14.400000000000002,274.42857142857144,5.242857142857143,1009.4428571428571,0.15714285714285717,-0.014285714285714266,16.32857142857143,3.8857142857142857,10.085714285714285,7.571428571428571,14.685714285714285,846635352.0,597146992.0,73060944.0
1206,2023-02-13,0.98796,10.12857142857143,4.128571428571428,15.828571428571426,193.0,9.299999999999999,1010.0428571428572,7.442857142857143,-3.885714285714286,7.542857142857143,4.8,5.528571428571429,4.885714285714286,8.27142857142857,764014209.0,657497809.0,75858360.0
1207,2023-02-20,0.9877,10.77142857142857,3.914285714285714,17.3,204.42857142857142,6.328571428571428,1018.2857142857143,0.0,3.642857142857143,8.9,7.471428571428571,5.8999999999999995,3.3428571428571425,7.114285714285714,903331780.0,689129642.0,49244068.0
1208,2023-02-27,0.98884,10.657142857142857,5.085714285714286,15.971428571428572,170.14285714285714,6.614285714285714,1016.4428571428571,0.6428571428571429,0.14285714285714274,7.314285714285714,4.542857142857144,8.17142857142857,7.671428571428571,10.028571428571428,732759541.0,637903368.0,47783313.0
1209,2023-03-06,0.99674,10.257142857142856,2.957142857142857,16.157142857142855,218.85714285714286,8.128571428571428,1013.1857142857143,0.8571428571428571,-3.114285714285714,6.328571428571429,6.542857142857144,6.657142857142858,3.814285714285714,9.785714285714286,711118262.0,697269850.0,61411518.0
1210,2023-03-13,0.9875,11.328571428571427,4.8,16.771428571428572,188.71428571428572,8.571428571428571,1014.842857142857,1.1285714285714286,-1.342857142857143,5.542857142857144,8.185714285714285,11.285714285714286,2.4142857142857146,7.228571428571429,563594261.0,530012181.0,41728476.0
1211,2023-03-20,0.98234,12.9,5.071428571428571,18.871428571428574,214.85714285714286,8.842857142857143,1011.1285714285713,9.257142857142856,-0.8571428571428571,6.085714285714286,10.12857142857143,6.9142857142857155,6.185714285714286,6.128571428571428,623994127.0,499711875.0,31507081.0
1212,2023-03-27,0.9929600000000001,12.685714285714285,6.557142857142857,18.342857142857145,155.14285714285714,6.757142857142857,1013.2,6.357142857142857,1.9142857142857146,4.728571428571429,10.028571428571428,9.314285714285713,7.899999999999999,7.042857142857143,600818004.0,492029660.0,31396790.0
1213,2023-04-03,0.9960000000000001,15.185714285714285,10.7,20.485714285714288,174.42857142857142,5.485714285714286,1017.3142857142857,7.742857142857143,-0.6571428571428571,7.685714285714286,8.37142857142857,10.9,10.028571428571427,7.357142857142857,604279132.0,470031629.0,29651337.0
1214,2023-04-10,0.9911,17.0,13.214285714285717,21.228571428571428,251.57142857142858,6.6571428571428575,1015.4571428571428,10.785714285714286,-1.0999999999999999,12.014285714285714,9.314285714285717,9.428571428571429,7.442857142857143,9.685714285714285,601502778.0,577445683.0,26714310.0
1215,2023-04-17,0.98328,15.528571428571428,10.942857142857145,20.0,195.0,7.357142857142857,1012.3571428571429,1.0714285714285714,-0.08571428571428572,10.657142857142857,11.057142857142855,12.857142857142858,10.657142857142858,10.62857142857143,559880065.0,488013221.0,25190555.0
1216,2023-04-24,0.9812799999999999,16.542857142857144,13.085714285714285,21.214285714285715,125.57142857142857,4.5857142857142845,1016.3285714285714,7.571428571428572,1.6428571428571428,5.6,10.742857142857144,8.0,12.62857142857143,10.057142857142859,547559773.0,567035127.0,28474777.0
1217,2023-05-01,0.982775,19.3,13.557142857142859,25.485714285714288,313.7142857142857,6.128571428571428,1017.0142857142857,8.22857142857143,3.414285714285714,6.614285714285714,13.27142857142857,8.128571428571428,10.471428571428572,7.385714285714285,468848097.0,502232882.0,34120499.0
1218,2023-05-08,0.98186,19.642857142857142,15.285714285714283,25.071428571428573,181.14285714285714,7.828571428571428,1015.3,6.128571428571428,5.742857142857143,6.700000000000001,14.457142857142857,7.299999999999999,12.114285714285716,6.657142857142857,383650931.0,457020112.0,47427711.0
1219,2023-05-15,0.9761599999999999,20.971428571428568,16.45714285714286,26.185714285714287,268.42857142857144,7.228571428571429,1011.8857142857142,4.071428571428571,4.185714285714286,7.657142857142858,12.985714285714286,12.200000000000001,15.028571428571427,7.1000000000000005,362991994.0,618360931.0,61203837.0
1220,2023-05-22,0.97302,22.271428571428572,15.842857142857143,27.87142857142857,256.85714285714283,4.742857142857143,1016.6285714285715,0.5142857142857143,4.199999999999999,10.642857142857144,14.185714285714285,5.7,18.385714285714283,6.585714285714286,565353519.0,510046460.0,44062311.0
1221,2023-05-29,0.97096,23.742857142857144,17.314285714285713,29.2,266.0,6.828571428571429,1015.6714285714287,0.7285714285714285,8.871428571428572,5.6000000000000005,16.75714285714286,6.928571428571429,18.071428571428573,6.228571428571429,391763366.0,545883881.0,60131481.0
1222,2023-06-05,0.97272,21.928571428571427,17.185714285714287,27.057142857142857,265.85714285714283,6.585714285714286,1012.2571428571428,6.471428571428572,8.571428571428571,4.642857142857143,16.500000000000004,6.5,16.000000000000004,10.933333333333335,424601330.0,586022183.0,59629776.0
1223,2023-06-12,0.9724,23.657142857142862,17.914285714285715,29.757142857142856,154.71428571428572,6.228571428571429,1018.6857142857142,5.0,9.857142857142858,5.228571428571429,18.22857142857143,7.228571428571429,,,332549187.0,642231218.0,60326135.0
1224,2023-06-19,0.97676,25.014285714285712,20.12857142857143,30.357142857142854,238.71428571428572,5.914285714285714,1014.8714285714285,0.2,10.485714285714286,5.885714285714286,20.17142857142857,7.657142857142858,21.133333333333336,7.8999999999999995,314711557.0,630046633.0,58720165.0
1225,2023-06-26,0.9789199999999999,21.87142857142857,17.042857142857144,26.87142857142857,207.28571428571428,7.6000000000000005,1011.0000000000001,6.557142857142857,13.357142857142858,7.228571428571428,21.41428571428571,9.57142857142857,21.685714285714283,7.528571428571429,393713503.0,641227910.0,55968006.0
1226,2023-07-03,0.9796400000000001,22.728571428571424,17.514285714285716,27.75714285714286,263.2857142857143,5.985714285714285,1009.842857142857,3.1714285714285717,12.942857142857141,9.171428571428573,18.928571428571427,6.157142857142857,19.228571428571428,6.414285714285714,362918031.0,699314159.0,40154609.0
1227,2023-07-10,0.9761599999999999,20.642857142857142,13.428571428571427,27.1,162.85714285714286,8.414285714285715,1012.5428571428571,0.3,12.328571428571431,5.214285714285714,21.271428571428572,6.928571428571429,20.62857142857143,8.142857142857142,375446409.0,738807946.0,26966895.0
1228,2023-07-17,0.9664200000000001,23.857142857142858,18.585714285714285,30.328571428571426,160.57142857142858,7.228571428571428,1018.9,6.442857142857143,14.357142857142858,5.257142857142858,22.02857142857143,6.485714285714286,21.728571428571428,10.671428571428573,350541209.0,774029801.0,34026472.0
1229,2023-07-24,0.9627000000000001,25.77142857142857,19.085714285714285,32.728571428571435,184.28571428571428,5.028571428571428,1017.6714285714286,0.04285714285714286,14.442857142857141,5.885714285714286,18.585714285714285,8.028571428571428,23.985714285714288,7.685714285714286,298703634.0,849876765.0,37729564.0
1230,2023-07-31,0.95724,19.428571428571427,15.8,24.528571428571432,129.0,8.685714285714287,1008.9285714285713,35.971428571428575,10.757142857142856,6.5428571428571445,19.728571428571428,5.985714285714285,22.928571428571427,7.014285714285713,295615961.0,799410920.0,21707738.0
1231,2023-08-07,0.9610799999999999,20.085714285714285,13.600000000000003,26.699999999999996,306.7142857142857,5.028571428571429,1021.5000000000001,0.028571428571428574,10.9,9.4,18.042857142857144,11.542857142857143,22.085714285714285,8.071428571428571,329246162.0,721176003.0,22555286.0
1232,2023-08-14,0.9614,20.928571428571427,16.071428571428573,26.7,249.0,4.2714285714285705,1017.8142857142857,3.3857142857142857,12.085714285714287,5.7,21.357142857142858,5.557142857142857,21.77142857142857,6.8999999999999995,352792245.0,661407602.0,19626705.0
1233,2023-08-21,0.9581,18.585714285714282,16.1,21.87142857142857,227.85714285714286,3.1714285714285717,1016.4142857142858,20.957142857142856,16.357142857142858,4.885714285714285,23.557142857142857,6.571428571428571,19.657142857142862,6.257142857142858,262339456.0,622767903.0,18509339.0
1234,2023-08-28,0.95548,16.014285714285712,10.885714285714286,22.4,192.57142857142858,6.714285714285715,1018.2714285714285,4.771428571428571,16.728571428571428,4.8999999999999995,17.342857142857145,8.314285714285715,20.32857142857143,9.385714285714286,312712542.0,641667983.0,37980283.0
1235,2023-09-04,0.9566399999999999,18.4,12.914285714285715,24.4,206.42857142857142,4.114285714285714,1023.6428571428571,0.028571428571428574,9.185714285714287,11.200000000000001,18.47142857142857,6.171428571428572,19.214285714285715,5.871428571428572,266722749.0,693376569.0,74004348.0
1236,2023-09-11,0.9553799999999999,16.514285714285716,10.614285714285712,24.12857142857143,57.42857142857143,2.8714285714285714,1023.4285714285714,0.0,14.242857142857144,3.8285714285714283,19.157142857142855,5.257142857142857,17.58571428571429,4.8,360229158.0,656231141.0,56310487.0
1237,2023-09-18,0.95712,14.1,10.957142857142856,17.814285714285713,178.42857142857142,5.228571428571429,1015.8285714285714,2.742857142857143,11.514285714285714,3.657142857142857,16.6,4.628571428571428,16.999999999999996,5.8428571428571425,264153134.0,682760631.0,66645958.0
1238,2023-09-25,0.9629999999999999,13.371428571428572,10.700000000000001,16.12857142857143,121.42857142857143,5.057142857142857,1005.7714285714285,31.614285714285717,8.542857142857143,7.485714285714286,13.957142857142856,6.371428571428573,14.1,11.014285714285714,341013849.0,661820338.0,95216150.0
1239,2023-10-02,0.9667199999999999,11.471428571428572,8.057142857142859,14.72857142857143,153.57142857142858,5.257142857142858,1006.3142857142857,22.085714285714285,11.714285714285714,4.714285714285714,16.45714285714286,5.557142857142858,11.557142857142859,5.1000000000000005,302847734.0,668311897.0,87288352.0
1240,2023-10-09,0.96258,7.157142857142857,3.1285714285714286,11.685714285714285,81.0,3.8142857142857145,1007.5,4.142857142857143,12.528571428571428,6.328571428571428,15.92857142857143,5.8,12.914285714285713,5.942857142857144,453840935.0,655315841.0,62831387.0
1241,2023-10-16,0.95564,7.071428571428572,2.1999999999999997,13.657142857142857,139.28571428571428,4.414285714285714,1013.7857142857143,0.028571428571428574,10.9,6.885714285714285,11.785714285714286,5.557142857142857,12.942857142857141,4.714285714285714,525386686.0,634910319.0,50479982.0
1242,2023-10-23,0.94764,5.971428571428571,0.37142857142857144,13.528571428571427,80.85714285714286,5.371428571428571,1018.4428571428572,0.0,3.671428571428571,4.757142857142858,11.114285714285714,5.457142857142856,13.685714285714287,4.700000000000001,576720694.0,615786527.0,85608275.0
1243,2023-10-30,0.95014,4.728571428571428,-1.4285714285714286,10.9,92.57142857142857,6.3428571428571425,1007.5571428571428,0.0,3.7285714285714286,5.914285714285714,9.457142857142856,5.428571428571429,13.214285714285714,5.228571428571429,461029186.0,661493302.0,127687896.0
1244,2023-11-06,0.96144,2.971428571428571,-0.7428571428571429,6.885714285714286,73.0,6.471428571428572,1013.3571428571429,9.742857142857144,0.4999999999999999,7.071428571428571,5.5,5.042857142857143,12.371428571428572,4.8,513997035.0,677584916.0,130658882.0
1245,2023-11-13,0.96308,4.571428571428572,1.0,8.428571428571429,104.42857142857143,3.257142857142857,1014.0857142857142,1.2714285714285716,-1.5142857142857145,5.442857142857143,6.728571428571429,6.271428571428571,8.657142857142858,6.957142857142857,635653086.0,676947840.0,112344357.0
1246,2023-11-20,0.96534,3.6714285714285717,-0.942857142857143,10.928571428571427,83.14285714285714,5.214285714285714,1028.4857142857143,0.0,2.6285714285714286,6.371428571428572,7.3999999999999995,8.814285714285715,7.642857142857144,4.442857142857143,582730074.0,693376585.0,99949238.0
1247,2023-11-27,0.9647399999999999,6.214285714285714,1.1714285714285715,13.228571428571428,115.0,3.742857142857143,1017.7714285714285,0.0,0.7142857142857144,15.428571428571429,4.5,11.857142857142858,6.271428571428571,7.642857142857143,603861718.0,677309236.0,92210774.0
